School Year,Division Number,Division Name,School Number,School Name,English Learners,Full Time Count (All Grades),Part Time Count (All Grades),Total Count
2019-2020,2,Albemarle County,160,Agnor-Hurt Elementary,N,379,,379
2019-2020,2,Albemarle County,160,Agnor-Hurt Elementary,Y,83,,83
2019-2020,2,Albemarle County,1060,Albemarle County Community Public Charter,N,54,,54
2019-2020,2,Albemarle County,880,Albemarle High,N,"1,725",12,"1,737"
2019-2020,2,Albemarle County,880,Albemarle High,Y,168,,168
2019-2020,2,Albemarle County,1053,Baker-Butler Elem,N,612,,612
2019-2020,2,Albemarle County,1053,Baker-Butler Elem,Y,64,,64
2019-2020,2,Albemarle County,100,Broadus Wood Elementary,N,284,,284
2019-2020,2,Albemarle County,100,Broadus Wood Elementary,Y,<,,<
2019-2020,2,Albemarle County,941,Brownsville Elementary,N,853,,853
2019-2020,2,Albemarle County,941,Brownsville Elementary,Y,<,,<
2019-2020,2,Albemarle County,340,Crozet Elementary,N,331,,331
2019-2020,2,Albemarle County,340,Crozet Elementary,Y,10,,10
2019-2020,2,Albemarle County,10,Hollymead Elementary,N,389,,389
2019-2020,2,Albemarle County,10,Hollymead Elementary,Y,33,,33
2019-2020,2,Albemarle County,950,Jack Jouett Middle,N,484,<,485
2019-2020,2,Albemarle County,950,Jack Jouett Middle,Y,96,,96
2019-2020,2,Albemarle County,69,Jackson P. Burley Middle,N,494,<,496
2019-2020,2,Albemarle County,69,Jackson P. Burley Middle,Y,26,,26
2019-2020,2,Albemarle County,942,Joseph T. Henley Middle,N,893,<,895
2019-2020,2,Albemarle County,942,Joseph T. Henley Middle,Y,<,,<
2019-2020,2,Albemarle County,20,Leslie H. Walton Middle,N,329,<,331
2019-2020,2,Albemarle County,20,Leslie H. Walton Middle,Y,<,,<
2019-2020,2,Albemarle County,40,Mary Carr Greer Elementary,N,346,,346
2019-2020,2,Albemarle County,40,Mary Carr Greer Elementary,Y,156,,156
2019-2020,2,Albemarle County,250,Meriwether Lewis Elementary,N,398,,398
2019-2020,2,Albemarle County,250,Meriwether Lewis Elementary,Y,<,,<
2019-2020,2,Albemarle County,1052,Monticello High,N,"1,121",10,"1,131"
2019-2020,2,Albemarle County,1052,Monticello High,Y,68,,68
2019-2020,2,Albemarle County,1051,Mortimer Y. Sutherland Middle,N,549,<,551
2019-2020,2,Albemarle County,1051,Mortimer Y. Sutherland Middle,Y,16,,16
2019-2020,2,Albemarle County,890,Murray High,N,85,,85
2019-2020,2,Albemarle County,150,Paul H. Cale Elementary,N,614,,614
2019-2020,2,Albemarle County,150,Paul H. Cale Elementary,Y,130,,130
2019-2020,2,Albemarle County,540,Red Hill Elementary,N,202,,202
2019-2020,2,Albemarle County,540,Red Hill Elementary,Y,11,,11
2019-2020,2,Albemarle County,30,Scottsville Elementary,N,231,,231
2019-2020,2,Albemarle County,30,Scottsville Elementary,Y,<,,<
2019-2020,2,Albemarle County,920,Stone Robinson Elementary,N,484,,484
2019-2020,2,Albemarle County,920,Stone Robinson Elementary,Y,18,,18
2019-2020,2,Albemarle County,240,Stony Point Elementary,N,218,,218
2019-2020,2,Albemarle County,240,Stony Point Elementary,Y,18,,18
2019-2020,2,Albemarle County,910,Virginia L. Murray Elementary,N,250,,250
2019-2020,2,Albemarle County,910,Virginia L. Murray Elementary,Y,<,,<
2019-2020,2,Albemarle County,140,Western Albemarle High,N,"1,199",,"1,199"
2019-2020,2,Albemarle County,140,Western Albemarle High,Y,<,,<
2019-2020,2,Albemarle County,930,Woodbrook Elementary,N,432,,432
2019-2020,2,Albemarle County,930,Woodbrook Elementary,Y,124,,124
2019-2020,8,Augusta County,212,Beverley Manor Middle,N,700,,700
2019-2020,8,Augusta County,212,Beverley Manor Middle,Y,<,,<
2019-2020,8,Augusta County,660,Buffalo Gap High,N,485,,485
2019-2020,8,Augusta County,660,Buffalo Gap High,Y,<,,<
2019-2020,8,Augusta County,30,Cassell Elementary,N,665,,665
2019-2020,8,Augusta County,30,Cassell Elementary,Y,<,,<
2019-2020,8,Augusta County,140,Churchville Elementary,N,395,,395
2019-2020,8,Augusta County,140,Churchville Elementary,Y,<,,<
2019-2020,8,Augusta County,370,Craigsville Elementary,N,152,,152
2019-2020,8,Augusta County,842,Edward G. Clymore Elementary,N,752,,752
2019-2020,8,Augusta County,842,Edward G. Clymore Elementary,Y,30,,30
2019-2020,8,Augusta County,670,Fort Defiance High,N,757,,757
2019-2020,8,Augusta County,670,Fort Defiance High,Y,<,,<
2019-2020,8,Augusta County,843,Guy K. Stump Elementary,N,442,,442
2019-2020,8,Augusta County,843,Guy K. Stump Elementary,Y,<,,<
2019-2020,8,Augusta County,40,North River Elementary,N,236,,236
2019-2020,8,Augusta County,40,North River Elementary,Y,19,,19
2019-2020,8,Augusta County,740,Riverheads Elementary,N,710,,710
2019-2020,8,Augusta County,740,Riverheads Elementary,Y,<,,<
2019-2020,8,Augusta County,680,Riverheads High,N,452,<,453
2019-2020,8,Augusta County,680,Riverheads High,Y,<,,<
2019-2020,8,Augusta County,90,S. Gordon Stewart Middle,N,473,,473
2019-2020,8,Augusta County,90,S. Gordon Stewart Middle,Y,<,,<
2019-2020,8,Augusta County,440,Stuarts Draft Elementary,N,580,,580
2019-2020,8,Augusta County,440,Stuarts Draft Elementary,Y,10,,10
2019-2020,8,Augusta County,730,Stuarts Draft High,N,700,<,701
2019-2020,8,Augusta County,730,Stuarts Draft High,Y,<,,<
2019-2020,8,Augusta County,60,Stuarts Draft Middle,N,541,,541
2019-2020,8,Augusta County,60,Stuarts Draft Middle,Y,<,,<
2019-2020,8,Augusta County,640,Wilson Elementary,N,628,,628
2019-2020,8,Augusta County,640,Wilson Elementary,Y,33,,33
2019-2020,8,Augusta County,720,Wilson Memorial High,N,784,<,785
2019-2020,8,Augusta County,720,Wilson Memorial High,Y,<,,<
2019-2020,8,Augusta County,844,Wilson Middle,N,641,,641
2019-2020,8,Augusta County,844,Wilson Middle,Y,13,,13
2019-2020,15,Buckingham County,724,Buckingham Co Elementary,N,481,,481
2019-2020,15,Buckingham County,724,Buckingham Co Elementary,Y,<,,<
2019-2020,15,Buckingham County,20,Buckingham Co Prekindergarten Center,N,111,,111
2019-2020,15,Buckingham County,723,Buckingham Co Primary,N,450,,450
2019-2020,15,Buckingham County,723,Buckingham Co Primary,Y,<,,<
2019-2020,15,Buckingham County,700,Buckingham County High,N,571,,571
2019-2020,15,Buckingham County,700,Buckingham County High,Y,<,,<
2019-2020,15,Buckingham County,721,Buckingham County Middle,N,493,,493
2019-2020,15,Buckingham County,721,Buckingham County Middle,Y,<,,<
2019-2020,104,Charlottesville City,100,Buford Middle,N,453,<,454
2019-2020,104,Charlottesville City,100,Buford Middle,Y,48,,48
2019-2020,104,Charlottesville City,70,Burnley-Moran Elementary,N,335,,335
2019-2020,104,Charlottesville City,70,Burnley-Moran Elementary,Y,39,,39
2019-2020,104,Charlottesville City,140,Charlottesville High,N,"1,091",,"1,091"
2019-2020,104,Charlottesville City,140,Charlottesville High,Y,97,,97
2019-2020,104,Charlottesville City,50,Clark Elementary,N,253,,253
2019-2020,104,Charlottesville City,50,Clark Elementary,Y,58,,58
2019-2020,104,Charlottesville City,90,Greenbrier Elementary,N,278,,278
2019-2020,104,Charlottesville City,90,Greenbrier Elementary,Y,92,,92
2019-2020,104,Charlottesville City,120,Jackson-Via Elementary,N,304,,304
2019-2020,104,Charlottesville City,120,Jackson-Via Elementary,Y,29,,29
2019-2020,104,Charlottesville City,10,Johnson Elementary,N,317,,317
2019-2020,104,Charlottesville City,10,Johnson Elementary,Y,34,,34
2019-2020,104,Charlottesville City,40,Venable Elementary,N,319,,319
2019-2020,104,Charlottesville City,40,Venable Elementary,Y,23,,23
2019-2020,104,Charlottesville City,110,Walker Upper Elementary,N,542,<,543
2019-2020,104,Charlottesville City,110,Walker Upper Elementary,Y,68,,68
2019-2020,32,Fluvanna County,300,Carysbrook Elementary,N,459,,459
2019-2020,32,Fluvanna County,300,Carysbrook Elementary,Y,11,,11
2019-2020,32,Fluvanna County,310,Central Elementary,N,449,,449
2019-2020,32,Fluvanna County,310,Central Elementary,Y,10,,10
2019-2020,32,Fluvanna County,260,Fluvanna County High,N,"1,462",,"1,462"
2019-2020,32,Fluvanna County,260,Fluvanna County High,Y,15,,15
2019-2020,32,Fluvanna County,320,Fluvanna Middle,N,803,,803
2019-2020,32,Fluvanna County,320,Fluvanna Middle,Y,<,,<
2019-2020,32,Fluvanna County,330,West Central Primary School,N,289,,289
2019-2020,32,Fluvanna County,330,West Central Primary School,Y,<,,<
2019-2020,39,Greene County,20,Nathanael Greene Elementary,N,332,,332
2019-2020,39,Greene County,20,Nathanael Greene Elementary,Y,14,,14
2019-2020,39,Greene County,10,Nathanael Greene Primary School,N,396,,396
2019-2020,39,Greene County,10,Nathanael Greene Primary School,Y,11,,11
2019-2020,39,Greene County,30,Ruckersville Elementary,N,475,,475
2019-2020,39,Greene County,30,Ruckersville Elementary,Y,41,,41
2019-2020,39,Greene County,72,William Monroe High,N,906,,906
2019-2020,39,Greene County,72,William Monroe High,Y,22,,22
2019-2020,39,Greene County,71,William Monroe Middle,N,688,,688
2019-2020,39,Greene County,71,William Monroe Middle,Y,19,,19
2019-2020,54,Louisa County,660,Jouett Elementary,N,576,,576
2019-2020,54,Louisa County,660,Jouett Elementary,Y,17,,17
2019-2020,54,Louisa County,602,Louisa County High,N,"1,467",,"1,467"
2019-2020,54,Louisa County,602,Louisa County High,Y,21,,21
2019-2020,54,Louisa County,601,Louisa County Middle,N,"1,134",,"1,134"
2019-2020,54,Louisa County,601,Louisa County Middle,Y,18,,18
2019-2020,54,Louisa County,80,Moss-Nuckols Elementary,N,565,,565
2019-2020,54,Louisa County,80,Moss-Nuckols Elementary,Y,25,,25
2019-2020,54,Louisa County,610,Thomas Jefferson Elementary,N,565,,565
2019-2020,54,Louisa County,610,Thomas Jefferson Elementary,Y,32,,32
2019-2020,54,Louisa County,641,Trevilians Elementary,N,493,,493
2019-2020,54,Louisa County,641,Trevilians Elementary,Y,10,,10
2019-2020,56,Madison County,221,Madison County High,N,535,<,536
2019-2020,56,Madison County,221,Madison County High,Y,<,,<
2019-2020,56,Madison County,230,Madison Primary,N,315,65,380
2019-2020,56,Madison County,230,Madison Primary,Y,<,,<
2019-2020,56,Madison County,200,Waverly Yowell Elementary,N,378,,378
2019-2020,56,Madison County,200,Waverly Yowell Elementary,Y,<,,<
2019-2020,56,Madison County,222,William H. Wetsel Middle,N,416,<,417
2019-2020,56,Madison County,222,William H. Wetsel Middle,Y,<,,<
2019-2020,62,Nelson County,710,Nelson County High,N,556,,556
2019-2020,62,Nelson County,710,Nelson County High,Y,13,,13
2019-2020,62,Nelson County,730,Nelson Middle,N,397,,397
2019-2020,62,Nelson County,730,Nelson Middle,Y,<,,<
2019-2020,62,Nelson County,10,Rockfish River Elementary,N,296,,296
2019-2020,62,Nelson County,10,Rockfish River Elementary,Y,14,,14
2019-2020,62,Nelson County,20,Tye River Elementary,N,388,,388
2019-2020,62,Nelson County,20,Tye River Elementary,Y,<,,<
2019-2020,68,Orange County,360,Gordon-Barbour Elementary,N,346,,346
2019-2020,68,Orange County,360,Gordon-Barbour Elementary,Y,19,,19
2019-2020,68,Orange County,70,Lightfoot Elementary,N,222,,222
2019-2020,68,Orange County,70,Lightfoot Elementary,Y,19,,19
2019-2020,68,Orange County,50,Locust Grove Elementary,N,407,,407
2019-2020,68,Orange County,50,Locust Grove Elementary,Y,15,,15
2019-2020,68,Orange County,471,Locust Grove Middle,N,589,,589
2019-2020,68,Orange County,471,Locust Grove Middle,Y,15,,15
2019-2020,68,Orange County,51,Locust Grove Primary School,N,461,,461
2019-2020,68,Orange County,51,Locust Grove Primary School,Y,17,,17
2019-2020,68,Orange County,330,Orange County High ,N,"1,456",<,"1,458"
2019-2020,68,Orange County,330,Orange County High ,Y,33,,33
2019-2020,68,Orange County,370,Orange Elementary,N,624,,624
2019-2020,68,Orange County,370,Orange Elementary,Y,42,,42
2019-2020,68,Orange County,340,Prospect Heights Middle,N,496,<,497
2019-2020,68,Orange County,340,Prospect Heights Middle,Y,18,,18
2019-2020,68,Orange County,350,Unionville Elementary,N,228,,228
2019-2020,68,Orange County,350,Unionville Elementary,Y,16,,16
2019-2020,126,Staunton City,40,Arthur R. Ware Elementary,N,420,,420
2019-2020,126,Staunton City,40,Arthur R. Ware Elementary,Y,<,,<
2019-2020,126,Staunton City,70,Bessie Weller Elementary,N,351,,351
2019-2020,126,Staunton City,70,Bessie Weller Elementary,Y,19,,19
2019-2020,126,Staunton City,110,Shelburne Middle,N,618,,618
2019-2020,126,Staunton City,110,Shelburne Middle,Y,12,,12
2019-2020,126,Staunton City,41,Staunton City School PreSchool Programs,N,90,,90
2019-2020,126,Staunton City,30,Staunton High,N,772,<,773
2019-2020,126,Staunton City,30,Staunton High,Y,15,,15
2019-2020,126,Staunton City,90,Thomas C. McSwain Elementary,N,415,,415
2019-2020,126,Staunton City,90,Thomas C. McSwain Elementary,Y,<,,<
2019-2020,130,Waynesboro City,650,Berkeley Glenn Elementary,N,254,,254
2019-2020,130,Waynesboro City,650,Berkeley Glenn Elementary,Y,<,,<
2019-2020,130,Waynesboro City,640,Kate Collins Middle,N,632,,632
2019-2020,130,Waynesboro City,640,Kate Collins Middle,Y,32,,32
2019-2020,130,Waynesboro City,620,Wayne Hills Center,N,82,,82
2019-2020,130,Waynesboro City,600,Waynesboro High,N,806,,806
2019-2020,130,Waynesboro City,600,Waynesboro High,Y,27,,27
2019-2020,130,Waynesboro City,580,Wenonah Elementary,N,207,,207
2019-2020,130,Waynesboro City,580,Wenonah Elementary,Y,40,,40
2019-2020,130,Waynesboro City,630,Westwood Hills Elementary,N,391,,391
2019-2020,130,Waynesboro City,630,Westwood Hills Elementary,Y,18,,18
2019-2020,130,Waynesboro City,751,William Perry Elementary,N,372,,372
2019-2020,130,Waynesboro City,751,William Perry Elementary,Y,22,,22
2020-2021,2,Albemarle County,160,Agnor-Hurt Elementary,N,335,,335
2020-2021,2,Albemarle County,160,Agnor-Hurt Elementary,Y,92,,92
2020-2021,2,Albemarle County,880,Albemarle High,N,"1,691",<,"1,697"
2020-2021,2,Albemarle County,880,Albemarle High,Y,150,,150
2020-2021,2,Albemarle County,1053,Baker-Butler Elem,N,560,,560
2020-2021,2,Albemarle County,1053,Baker-Butler Elem,Y,64,,64
2020-2021,2,Albemarle County,100,Broadus Wood Elementary,N,249,,249
2020-2021,2,Albemarle County,100,Broadus Wood Elementary,Y,<,,<
2020-2021,2,Albemarle County,941,Brownsville Elementary,N,721,,721
2020-2021,2,Albemarle County,941,Brownsville Elementary,Y,<,,<
2020-2021,2,Albemarle County,340,Crozet Elementary,N,317,,317
2020-2021,2,Albemarle County,340,Crozet Elementary,Y,<,,<
2020-2021,2,Albemarle County,10,Hollymead Elementary,N,315,,315
2020-2021,2,Albemarle County,10,Hollymead Elementary,Y,26,,26
2020-2021,2,Albemarle County,950,Jack Jouett Middle,N,508,,508
2020-2021,2,Albemarle County,950,Jack Jouett Middle,Y,101,,101
2020-2021,2,Albemarle County,69,Jackson P. Burley Middle,N,503,<,505
2020-2021,2,Albemarle County,69,Jackson P. Burley Middle,Y,32,,32
2020-2021,2,Albemarle County,942,Joseph T. Henley Middle,N,861,<,868
2020-2021,2,Albemarle County,942,Joseph T. Henley Middle,Y,<,,<
2020-2021,2,Albemarle County,20,Leslie H. Walton Middle,N,332,<,334
2020-2021,2,Albemarle County,20,Leslie H. Walton Middle,Y,<,,<
2020-2021,2,Albemarle County,40,Mary Carr Greer Elementary,N,307,,307
2020-2021,2,Albemarle County,40,Mary Carr Greer Elementary,Y,154,,154
2020-2021,2,Albemarle County,250,Meriwether Lewis Elementary,N,319,,319
2020-2021,2,Albemarle County,250,Meriwether Lewis Elementary,Y,<,,<
2020-2021,2,Albemarle County,1052,Monticello High,N,"1,111",10,"1,121"
2020-2021,2,Albemarle County,1052,Monticello High,Y,59,,59
2020-2021,2,Albemarle County,1051,Mortimer Y. Sutherland Middle,N,539,<,544
2020-2021,2,Albemarle County,1051,Mortimer Y. Sutherland Middle,Y,12,,12
2020-2021,2,Albemarle County,150,Mountain View Elementary,N,558,,558
2020-2021,2,Albemarle County,150,Mountain View Elementary,Y,119,,119
2020-2021,2,Albemarle County,890,Murray School,N,158,,158
2020-2021,2,Albemarle County,890,Murray School,Y,<,,<
2020-2021,2,Albemarle County,540,Red Hill Elementary,N,161,,161
2020-2021,2,Albemarle County,540,Red Hill Elementary,Y,<,,<
2020-2021,2,Albemarle County,30,Scottsville Elementary,N,216,,216
2020-2021,2,Albemarle County,30,Scottsville Elementary,Y,<,,<
2020-2021,2,Albemarle County,920,Stone Robinson Elementary,N,421,,421
2020-2021,2,Albemarle County,920,Stone Robinson Elementary,Y,25,,25
2020-2021,2,Albemarle County,240,Stony Point Elementary,N,166,,166
2020-2021,2,Albemarle County,240,Stony Point Elementary,Y,<,,<
2020-2021,2,Albemarle County,910,Virginia L. Murray Elementary,N,229,,229
2020-2021,2,Albemarle County,910,Virginia L. Murray Elementary,Y,<,,<
2020-2021,2,Albemarle County,140,Western Albemarle High,N,"1,132",,"1,132"
2020-2021,2,Albemarle County,140,Western Albemarle High,Y,<,,<
2020-2021,2,Albemarle County,930,Woodbrook Elementary,N,430,,430
2020-2021,2,Albemarle County,930,Woodbrook Elementary,Y,124,,124
2020-2021,8,Augusta County,212,Beverley Manor Middle,N,664,,664
2020-2021,8,Augusta County,212,Beverley Manor Middle,Y,<,,<
2020-2021,8,Augusta County,660,Buffalo Gap High,N,474,<,475
2020-2021,8,Augusta County,660,Buffalo Gap High,Y,<,,<
2020-2021,8,Augusta County,30,Cassell Elementary,N,622,,622
2020-2021,8,Augusta County,30,Cassell Elementary,Y,<,,<
2020-2021,8,Augusta County,140,Churchville Elementary,N,392,,392
2020-2021,8,Augusta County,140,Churchville Elementary,Y,<,,<
2020-2021,8,Augusta County,370,Craigsville Elementary,N,131,,131
2020-2021,8,Augusta County,842,Edward G. Clymore Elementary,N,698,,698
2020-2021,8,Augusta County,842,Edward G. Clymore Elementary,Y,39,,39
2020-2021,8,Augusta County,670,Fort Defiance High,N,754,,754
2020-2021,8,Augusta County,670,Fort Defiance High,Y,10,,10
2020-2021,8,Augusta County,843,Guy K. Stump Elementary,N,428,,428
2020-2021,8,Augusta County,843,Guy K. Stump Elementary,Y,<,,<
2020-2021,8,Augusta County,40,North River Elementary,N,228,,228
2020-2021,8,Augusta County,40,North River Elementary,Y,16,,16
2020-2021,8,Augusta County,740,Riverheads Elementary,N,706,,706
2020-2021,8,Augusta County,740,Riverheads Elementary,Y,<,,<
2020-2021,8,Augusta County,680,Riverheads High,N,465,,465
2020-2021,8,Augusta County,680,Riverheads High,Y,<,,<
2020-2021,8,Augusta County,90,S. Gordon Stewart Middle,N,494,,494
2020-2021,8,Augusta County,90,S. Gordon Stewart Middle,Y,<,,<
2020-2021,8,Augusta County,440,Stuarts Draft Elementary,N,576,,576
2020-2021,8,Augusta County,440,Stuarts Draft Elementary,Y,<,,<
2020-2021,8,Augusta County,730,Stuarts Draft High,N,707,<,708
2020-2021,8,Augusta County,730,Stuarts Draft High,Y,<,,<
2020-2021,8,Augusta County,60,Stuarts Draft Middle,N,491,,491
2020-2021,8,Augusta County,60,Stuarts Draft Middle,Y,<,,<
2020-2021,8,Augusta County,640,Wilson Elementary,N,621,,621
2020-2021,8,Augusta County,640,Wilson Elementary,Y,33,,33
2020-2021,8,Augusta County,720,Wilson Memorial High,N,805,<,806
2020-2021,8,Augusta County,720,Wilson Memorial High,Y,<,,<
2020-2021,8,Augusta County,844,Wilson Middle,N,648,,648
2020-2021,8,Augusta County,844,Wilson Middle,Y,13,,13
2020-2021,15,Buckingham County,724,Buckingham Co Elementary,N,437,,437
2020-2021,15,Buckingham County,724,Buckingham Co Elementary,Y,<,,<
2020-2021,15,Buckingham County,20,Buckingham Co Prekindergarten Center,N,69,,69
2020-2021,15,Buckingham County,723,Buckingham Co Primary,N,396,,396
2020-2021,15,Buckingham County,723,Buckingham Co Primary,Y,<,,<
2020-2021,15,Buckingham County,700,Buckingham County High,N,564,,564
2020-2021,15,Buckingham County,700,Buckingham County High,Y,<,,<
2020-2021,15,Buckingham County,721,Buckingham County Middle,N,515,,515
2020-2021,15,Buckingham County,721,Buckingham County Middle,Y,<,,<
2020-2021,104,Charlottesville City,100,Buford Middle,N,501,,501
2020-2021,104,Charlottesville City,100,Buford Middle,Y,56,,56
2020-2021,104,Charlottesville City,70,Burnley-Moran Elementary,N,285,,285
2020-2021,104,Charlottesville City,70,Burnley-Moran Elementary,Y,31,,31
2020-2021,104,Charlottesville City,140,Charlottesville High,N,"1,049",<,"1,052"
2020-2021,104,Charlottesville City,140,Charlottesville High,Y,109,,109
2020-2021,104,Charlottesville City,50,Clark Elementary,N,229,,229
2020-2021,104,Charlottesville City,50,Clark Elementary,Y,49,,49
2020-2021,104,Charlottesville City,90,Greenbrier Elementary,N,232,,232
2020-2021,104,Charlottesville City,90,Greenbrier Elementary,Y,82,,82
2020-2021,104,Charlottesville City,120,Jackson-Via Elementary,N,298,,298
2020-2021,104,Charlottesville City,120,Jackson-Via Elementary,Y,24,,24
2020-2021,104,Charlottesville City,10,Johnson Elementary,N,275,,275
2020-2021,104,Charlottesville City,10,Johnson Elementary,Y,30,,30
2020-2021,104,Charlottesville City,40,Venable Elementary,N,252,<,253
2020-2021,104,Charlottesville City,40,Venable Elementary,Y,21,,21
2020-2021,104,Charlottesville City,110,Walker Upper Elementary,N,493,,493
2020-2021,104,Charlottesville City,110,Walker Upper Elementary,Y,61,,61
2020-2021,32,Fluvanna County,300,Carysbrook Elementary,N,429,,429
2020-2021,32,Fluvanna County,300,Carysbrook Elementary,Y,11,,11
2020-2021,32,Fluvanna County,310,Central Elementary,N,390,,390
2020-2021,32,Fluvanna County,310,Central Elementary,Y,15,,15
2020-2021,32,Fluvanna County,260,Fluvanna County High,N,"1,422",,"1,422"
2020-2021,32,Fluvanna County,260,Fluvanna County High,Y,17,,17
2020-2021,32,Fluvanna County,320,Fluvanna Middle,N,761,,761
2020-2021,32,Fluvanna County,320,Fluvanna Middle,Y,<,,<
2020-2021,32,Fluvanna County,330,West Central Primary School,N,202,,202
2020-2021,32,Fluvanna County,330,West Central Primary School,Y,<,,<
2020-2021,39,Greene County,20,Nathanael Greene Elementary,N,327,,327
2020-2021,39,Greene County,20,Nathanael Greene Elementary,Y,11,,11
2020-2021,39,Greene County,10,Nathanael Greene Primary School,N,358,,358
2020-2021,39,Greene County,10,Nathanael Greene Primary School,Y,12,,12
2020-2021,39,Greene County,30,Ruckersville Elementary,N,450,,450
2020-2021,39,Greene County,30,Ruckersville Elementary,Y,49,,49
2020-2021,39,Greene County,72,William Monroe High,N,905,,905
2020-2021,39,Greene County,72,William Monroe High,Y,25,,25
2020-2021,39,Greene County,71,William Monroe Middle,N,677,,677
2020-2021,39,Greene County,71,William Monroe Middle,Y,24,,24
2020-2021,54,Louisa County,660,Jouett Elementary,N,563,,563
2020-2021,54,Louisa County,660,Jouett Elementary,Y,12,,12
2020-2021,54,Louisa County,602,Louisa County High,N,"1,499",,"1,499"
2020-2021,54,Louisa County,602,Louisa County High,Y,15,,15
2020-2021,54,Louisa County,601,Louisa County Middle,N,"1,147",,"1,147"
2020-2021,54,Louisa County,601,Louisa County Middle,Y,18,,18
2020-2021,54,Louisa County,80,Moss-Nuckols Elementary,N,546,,546
2020-2021,54,Louisa County,80,Moss-Nuckols Elementary,Y,26,,26
2020-2021,54,Louisa County,610,Thomas Jefferson Elementary,N,549,,549
2020-2021,54,Louisa County,610,Thomas Jefferson Elementary,Y,35,,35
2020-2021,54,Louisa County,641,Trevilians Elementary,N,490,,490
2020-2021,54,Louisa County,641,Trevilians Elementary,Y,12,,12
2020-2021,56,Madison County,221,Madison County High,N,540,<,541
2020-2021,56,Madison County,221,Madison County High,Y,<,,<
2020-2021,56,Madison County,230,Madison Primary,N,317,41,358
2020-2021,56,Madison County,230,Madison Primary,Y,<,,<
2020-2021,56,Madison County,200,Waverly Yowell Elementary,N,355,,355
2020-2021,56,Madison County,200,Waverly Yowell Elementary,Y,<,,<
2020-2021,56,Madison County,222,William H. Wetsel Middle,N,392,<,393
2020-2021,56,Madison County,222,William H. Wetsel Middle,Y,<,,<
2020-2021,62,Nelson County,710,Nelson County High,N,553,,553
2020-2021,62,Nelson County,710,Nelson County High,Y,13,,13
2020-2021,62,Nelson County,730,Nelson Middle,N,370,,370
2020-2021,62,Nelson County,730,Nelson Middle,Y,<,,<
2020-2021,62,Nelson County,10,Rockfish River Elementary,N,253,,253
2020-2021,62,Nelson County,10,Rockfish River Elementary,Y,22,,22
2020-2021,62,Nelson County,20,Tye River Elementary,N,350,,350
2020-2021,62,Nelson County,20,Tye River Elementary,Y,11,,11
2020-2021,68,Orange County,360,Gordon-Barbour Elementary,N,290,,290
2020-2021,68,Orange County,360,Gordon-Barbour Elementary,Y,17,,17
2020-2021,68,Orange County,70,Lightfoot Elementary,N,223,<,224
2020-2021,68,Orange County,70,Lightfoot Elementary,Y,14,,14
2020-2021,68,Orange County,50,Locust Grove Elementary,N,438,,438
2020-2021,68,Orange County,50,Locust Grove Elementary,Y,16,,16
2020-2021,68,Orange County,471,Locust Grove Middle,N,604,,604
2020-2021,68,Orange County,471,Locust Grove Middle,Y,18,,18
2020-2021,68,Orange County,51,Locust Grove Primary School,N,385,,385
2020-2021,68,Orange County,51,Locust Grove Primary School,Y,16,,16
2020-2021,68,Orange County,330,Orange County High ,N,"1,423",<,"1,424"
2020-2021,68,Orange County,330,Orange County High ,Y,32,,32
2020-2021,68,Orange County,370,Orange Elementary,N,584,,584
2020-2021,68,Orange County,370,Orange Elementary,Y,41,,41
2020-2021,68,Orange County,340,Prospect Heights Middle,N,485,<,486
2020-2021,68,Orange County,340,Prospect Heights Middle,Y,20,,20
2020-2021,68,Orange County,350,Unionville Elementary,N,209,,209
2020-2021,68,Orange County,350,Unionville Elementary,Y,16,,16
2020-2021,126,Staunton City,40,Arthur R. Ware Elementary,N,384,,384
2020-2021,126,Staunton City,40,Arthur R. Ware Elementary,Y,<,,<
2020-2021,126,Staunton City,70,Bessie Weller Elementary,N,314,,314
2020-2021,126,Staunton City,70,Bessie Weller Elementary,Y,25,,25
2020-2021,126,Staunton City,110,Shelburne Middle,N,585,,585
2020-2021,126,Staunton City,110,Shelburne Middle,Y,<,,<
2020-2021,126,Staunton City,41,Staunton City School PreSchool Programs,N,81,,81
2020-2021,126,Staunton City,30,Staunton High,N,770,,770
2020-2021,126,Staunton City,30,Staunton High,Y,16,,16
2020-2021,126,Staunton City,90,Thomas C. McSwain Elementary,N,392,,392
2020-2021,126,Staunton City,90,Thomas C. McSwain Elementary,Y,<,,<
2020-2021,130,Waynesboro City,650,Berkeley Glenn Elementary,N,236,,236
2020-2021,130,Waynesboro City,650,Berkeley Glenn Elementary,Y,<,,<
2020-2021,130,Waynesboro City,640,Kate Collins Middle,N,634,,634
2020-2021,130,Waynesboro City,640,Kate Collins Middle,Y,36,,36
2020-2021,130,Waynesboro City,620,Wayne Hills Center,N,104,,104
2020-2021,130,Waynesboro City,600,Waynesboro High,N,839,<,840
2020-2021,130,Waynesboro City,600,Waynesboro High,Y,38,,38
2020-2021,130,Waynesboro City,580,Wenonah Elementary,N,184,,184
2020-2021,130,Waynesboro City,580,Wenonah Elementary,Y,41,,41
2020-2021,130,Waynesboro City,630,Westwood Hills Elementary,N,329,,329
2020-2021,130,Waynesboro City,630,Westwood Hills Elementary,Y,20,,20
2020-2021,130,Waynesboro City,751,William Perry Elementary,N,358,,358
2020-2021,130,Waynesboro City,751,William Perry Elementary,Y,18,,18
2021-2022,2,Albemarle County,160,Agnor-Hurt Elementary,N,340,,340
2021-2022,2,Albemarle County,160,Agnor-Hurt Elementary,Y,108,,108
2021-2022,2,Albemarle County,880,Albemarle High,N,"1,697",<,"1,703"
2021-2022,2,Albemarle County,880,Albemarle High,Y,172,,172
2021-2022,2,Albemarle County,1053,Baker-Butler Elem,N,587,,587
2021-2022,2,Albemarle County,1053,Baker-Butler Elem,Y,80,,80
2021-2022,2,Albemarle County,100,Broadus Wood Elementary,N,254,,254
2021-2022,2,Albemarle County,100,Broadus Wood Elementary,Y,<,,<
2021-2022,2,Albemarle County,941,Brownsville Elementary,N,745,,745
2021-2022,2,Albemarle County,941,Brownsville Elementary,Y,<,,<
2021-2022,2,Albemarle County,890,Community Lab School,N,190,,190
2021-2022,2,Albemarle County,890,Community Lab School,Y,<,,<
2021-2022,2,Albemarle County,340,Crozet Elementary,N,317,,317
2021-2022,2,Albemarle County,340,Crozet Elementary,Y,<,,<
2021-2022,2,Albemarle County,10,Hollymead Elementary,N,319,,319
2021-2022,2,Albemarle County,10,Hollymead Elementary,Y,17,,17
2021-2022,2,Albemarle County,950,Jack Jouett Middle,N,539,,539
2021-2022,2,Albemarle County,950,Jack Jouett Middle,Y,98,,98
2021-2022,2,Albemarle County,69,Jackson P. Burley Middle,N,486,<,488
2021-2022,2,Albemarle County,69,Jackson P. Burley Middle,Y,49,,49
2021-2022,2,Albemarle County,942,Joseph T. Henley Middle,N,821,<,824
2021-2022,2,Albemarle County,942,Joseph T. Henley Middle,Y,10,,10
2021-2022,2,Albemarle County,1051,Lakeside Middle,N,498,<,501
2021-2022,2,Albemarle County,1051,Lakeside Middle,Y,17,,17
2021-2022,2,Albemarle County,20,Leslie H. Walton Middle,N,315,<,317
2021-2022,2,Albemarle County,20,Leslie H. Walton Middle,Y,<,,<
2021-2022,2,Albemarle County,40,Mary Carr Greer Elementary,N,320,,320
2021-2022,2,Albemarle County,40,Mary Carr Greer Elementary,Y,154,,154
2021-2022,2,Albemarle County,250,Meriwether Lewis Elementary,N,317,,317
2021-2022,2,Albemarle County,250,Meriwether Lewis Elementary,Y,<,,<
2021-2022,2,Albemarle County,1052,Monticello High,N,"1,140",<,"1,147"
2021-2022,2,Albemarle County,1052,Monticello High,Y,59,,59
2021-2022,2,Albemarle County,150,Mountain View Elementary,N,597,,597
2021-2022,2,Albemarle County,150,Mountain View Elementary,Y,125,,125
2021-2022,2,Albemarle County,540,Red Hill Elementary,N,178,,178
2021-2022,2,Albemarle County,540,Red Hill Elementary,Y,<,,<
2021-2022,2,Albemarle County,30,Scottsville Elementary,N,209,,209
2021-2022,2,Albemarle County,30,Scottsville Elementary,Y,<,,<
2021-2022,2,Albemarle County,920,Stone Robinson Elementary,N,441,,441
2021-2022,2,Albemarle County,920,Stone Robinson Elementary,Y,26,,26
2021-2022,2,Albemarle County,240,Stony Point Elementary,N,182,,182
2021-2022,2,Albemarle County,240,Stony Point Elementary,Y,<,,<
2021-2022,2,Albemarle County,910,Virginia L. Murray Elementary,N,259,,259
2021-2022,2,Albemarle County,910,Virginia L. Murray Elementary,Y,<,,<
2021-2022,2,Albemarle County,140,Western Albemarle High,N,"1,142",<,"1,147"
2021-2022,2,Albemarle County,140,Western Albemarle High,Y,<,,<
2021-2022,2,Albemarle County,930,Woodbrook Elementary,N,431,,431
2021-2022,2,Albemarle County,930,Woodbrook Elementary,Y,122,,122
2021-2022,8,Augusta County,212,Beverley Manor Middle,N,609,,609
2021-2022,8,Augusta County,212,Beverley Manor Middle,Y,<,,<
2021-2022,8,Augusta County,660,Buffalo Gap High,N,450,,450
2021-2022,8,Augusta County,660,Buffalo Gap High,Y,<,,<
2021-2022,8,Augusta County,30,Cassell Elementary,N,657,,657
2021-2022,8,Augusta County,30,Cassell Elementary,Y,13,,13
2021-2022,8,Augusta County,140,Churchville Elementary,N,398,,398
2021-2022,8,Augusta County,140,Churchville Elementary,Y,<,,<
2021-2022,8,Augusta County,370,Craigsville Elementary,N,134,,134
2021-2022,8,Augusta County,842,Edward G. Clymore Elementary,N,675,,675
2021-2022,8,Augusta County,842,Edward G. Clymore Elementary,Y,48,,48
2021-2022,8,Augusta County,670,Fort Defiance High,N,715,<,716
2021-2022,8,Augusta County,670,Fort Defiance High,Y,<,,<
2021-2022,8,Augusta County,843,Guy K. Stump Elementary,N,421,,421
2021-2022,8,Augusta County,843,Guy K. Stump Elementary,Y,<,,<
2021-2022,8,Augusta County,40,North River Elementary,N,221,,221
2021-2022,8,Augusta County,40,North River Elementary,Y,17,,17
2021-2022,8,Augusta County,740,Riverheads Elementary,N,694,,694
2021-2022,8,Augusta County,740,Riverheads Elementary,Y,<,,<
2021-2022,8,Augusta County,680,Riverheads High,N,472,,472
2021-2022,8,Augusta County,680,Riverheads High,Y,<,,<
2021-2022,8,Augusta County,90,S. Gordon Stewart Middle,N,473,,473
2021-2022,8,Augusta County,90,S. Gordon Stewart Middle,Y,14,,14
2021-2022,8,Augusta County,440,Stuarts Draft Elementary,N,548,,548
2021-2022,8,Augusta County,440,Stuarts Draft Elementary,Y,10,,10
2021-2022,8,Augusta County,730,Stuarts Draft High,N,700,,700
2021-2022,8,Augusta County,730,Stuarts Draft High,Y,<,,<
2021-2022,8,Augusta County,60,Stuarts Draft Middle,N,451,,451
2021-2022,8,Augusta County,60,Stuarts Draft Middle,Y,<,,<
2021-2022,8,Augusta County,640,Wilson Elementary,N,618,,618
2021-2022,8,Augusta County,640,Wilson Elementary,Y,38,,38
2021-2022,8,Augusta County,720,Wilson Memorial High,N,804,<,805
2021-2022,8,Augusta County,720,Wilson Memorial High,Y,15,,15
2021-2022,8,Augusta County,844,Wilson Middle,N,614,,614
2021-2022,8,Augusta County,844,Wilson Middle,Y,<,,<
2021-2022,15,Buckingham County,724,Buckingham Co Elementary,N,401,,401
2021-2022,15,Buckingham County,724,Buckingham Co Elementary,Y,10,,10
2021-2022,15,Buckingham County,20,Buckingham Co Prekindergarten Center,N,88,,88
2021-2022,15,Buckingham County,723,Buckingham Co Primary,N,326,,326
2021-2022,15,Buckingham County,723,Buckingham Co Primary,Y,<,,<
2021-2022,15,Buckingham County,700,Buckingham County High,N,589,,589
2021-2022,15,Buckingham County,700,Buckingham County High,Y,<,,<
2021-2022,15,Buckingham County,721,Buckingham County Middle,N,497,,497
2021-2022,15,Buckingham County,721,Buckingham County Middle,Y,<,,<
2021-2022,104,Charlottesville City,100,Buford Middle,N,484,,484
2021-2022,104,Charlottesville City,100,Buford Middle,Y,60,,60
2021-2022,104,Charlottesville City,70,Burnley-Moran Elementary,N,288,,288
2021-2022,104,Charlottesville City,70,Burnley-Moran Elementary,Y,33,,33
2021-2022,104,Charlottesville City,140,Charlottesville High,N,"1,090",<,"1,092"
2021-2022,104,Charlottesville City,140,Charlottesville High,Y,117,,117
2021-2022,104,Charlottesville City,50,Clark Elementary,N,262,,262
2021-2022,104,Charlottesville City,50,Clark Elementary,Y,58,,58
2021-2022,104,Charlottesville City,90,Greenbrier Elementary,N,226,,226
2021-2022,104,Charlottesville City,90,Greenbrier Elementary,Y,53,,53
2021-2022,104,Charlottesville City,120,Jackson-Via Elementary,N,293,,293
2021-2022,104,Charlottesville City,120,Jackson-Via Elementary,Y,27,,27
2021-2022,104,Charlottesville City,10,Johnson Elementary,N,270,,270
2021-2022,104,Charlottesville City,10,Johnson Elementary,Y,28,,28
2021-2022,104,Charlottesville City,40,Venable Elementary,N,261,,261
2021-2022,104,Charlottesville City,40,Venable Elementary,Y,21,,21
2021-2022,104,Charlottesville City,110,Walker Upper Elementary,N,488,,488
2021-2022,104,Charlottesville City,110,Walker Upper Elementary,Y,78,,78
2021-2022,32,Fluvanna County,300,Carysbrook Elementary,N,436,,436
2021-2022,32,Fluvanna County,300,Carysbrook Elementary,Y,13,,13
2021-2022,32,Fluvanna County,310,Central Elementary,N,398,,398
2021-2022,32,Fluvanna County,310,Central Elementary,Y,12,,12
2021-2022,32,Fluvanna County,260,Fluvanna County High,N,"1,418",,"1,418"
2021-2022,32,Fluvanna County,260,Fluvanna County High,Y,21,,21
2021-2022,32,Fluvanna County,320,Fluvanna Middle,N,722,,722
2021-2022,32,Fluvanna County,320,Fluvanna Middle,Y,11,,11
2021-2022,32,Fluvanna County,330,West Central Primary,N,251,,251
2021-2022,32,Fluvanna County,330,West Central Primary,Y,<,,<
2021-2022,39,Greene County,20,Nathanael Greene Elementary,N,320,,320
2021-2022,39,Greene County,20,Nathanael Greene Elementary,Y,<,,<
2021-2022,39,Greene County,10,Nathanael Greene Primary,N,360,,360
2021-2022,39,Greene County,10,Nathanael Greene Primary,Y,13,,13
2021-2022,39,Greene County,30,Ruckersville Elementary,N,453,,453
2021-2022,39,Greene County,30,Ruckersville Elementary,Y,64,,64
2021-2022,39,Greene County,72,William Monroe High,N,896,,896
2021-2022,39,Greene County,72,William Monroe High,Y,33,,33
2021-2022,39,Greene County,71,William Monroe Middle,N,650,,650
2021-2022,39,Greene County,71,William Monroe Middle,Y,28,,28
2021-2022,54,Louisa County,660,Jouett Elementary,N,560,,560
2021-2022,54,Louisa County,660,Jouett Elementary,Y,11,,11
2021-2022,54,Louisa County,602,Louisa County High,N,"1,611",,"1,611"
2021-2022,54,Louisa County,602,Louisa County High,Y,19,,19
2021-2022,54,Louisa County,601,Louisa County Middle,N,"1,149",,"1,149"
2021-2022,54,Louisa County,601,Louisa County Middle,Y,19,,19
2021-2022,54,Louisa County,80,Moss-Nuckols Elementary,N,561,,561
2021-2022,54,Louisa County,80,Moss-Nuckols Elementary,Y,26,,26
2021-2022,54,Louisa County,610,Thomas Jefferson Elementary,N,598,,598
2021-2022,54,Louisa County,610,Thomas Jefferson Elementary,Y,39,,39
2021-2022,54,Louisa County,641,Trevilians Elementary,N,486,,486
2021-2022,54,Louisa County,641,Trevilians Elementary,Y,14,,14
2021-2022,56,Madison County,221,Madison County High,N,550,<,553
2021-2022,56,Madison County,221,Madison County High,Y,<,,<
2021-2022,56,Madison County,230,Madison Primary,N,315,42,357
2021-2022,56,Madison County,230,Madison Primary,Y,<,,<
2021-2022,56,Madison County,200,Waverly Yowell Elementary,N,332,,332
2021-2022,56,Madison County,200,Waverly Yowell Elementary,Y,15,,15
2021-2022,56,Madison County,222,William H. Wetsel Middle,N,380,,380
2021-2022,56,Madison County,222,William H. Wetsel Middle,Y,<,,<
2021-2022,62,Nelson County,710,Nelson County High,N,536,,536
2021-2022,62,Nelson County,710,Nelson County High,Y,<,,<
2021-2022,62,Nelson County,730,Nelson Middle,N,335,,335
2021-2022,62,Nelson County,730,Nelson Middle,Y,17,,17
2021-2022,62,Nelson County,10,Rockfish River Elementary,N,257,,257
2021-2022,62,Nelson County,10,Rockfish River Elementary,Y,25,,25
2021-2022,62,Nelson County,20,Tye River Elementary,N,336,,336
2021-2022,62,Nelson County,20,Tye River Elementary,Y,11,,11
2021-2022,68,Orange County,360,Gordon-Barbour Elementary,N,292,,292
2021-2022,68,Orange County,360,Gordon-Barbour Elementary,Y,20,,20
2021-2022,68,Orange County,70,Lightfoot Elementary,N,235,,235
2021-2022,68,Orange County,70,Lightfoot Elementary,Y,17,,17
2021-2022,68,Orange County,50,Locust Grove Elementary,N,462,,462
2021-2022,68,Orange County,50,Locust Grove Elementary,Y,19,,19
2021-2022,68,Orange County,471,Locust Grove Middle,N,623,,623
2021-2022,68,Orange County,471,Locust Grove Middle,Y,23,,23
2021-2022,68,Orange County,51,Locust Grove Primary,N,405,,405
2021-2022,68,Orange County,51,Locust Grove Primary,Y,16,,16
2021-2022,68,Orange County,330,Orange County High ,N,"1,478",<,"1,479"
2021-2022,68,Orange County,330,Orange County High ,Y,38,,38
2021-2022,68,Orange County,370,Orange Elementary,N,602,,602
2021-2022,68,Orange County,370,Orange Elementary,Y,39,,39
2021-2022,68,Orange County,340,Prospect Heights Middle,N,443,,443
2021-2022,68,Orange County,340,Prospect Heights Middle,Y,21,,21
2021-2022,68,Orange County,350,Unionville Elementary,N,215,,215
2021-2022,68,Orange County,350,Unionville Elementary,Y,14,,14
2021-2022,126,Staunton City,40,Arthur R. Ware Elementary,N,380,,380
2021-2022,126,Staunton City,40,Arthur R. Ware Elementary,Y,11,,11
2021-2022,126,Staunton City,70,Bessie Weller Elementary,N,335,,335
2021-2022,126,Staunton City,70,Bessie Weller Elementary,Y,29,,29
2021-2022,126,Staunton City,110,Shelburne Middle,N,575,,575
2021-2022,126,Staunton City,110,Shelburne Middle,Y,12,,12
2021-2022,126,Staunton City,41,Staunton City School PreSchool Programs,N,114,,114
2021-2022,126,Staunton City,30,Staunton High,N,818,,818
2021-2022,126,Staunton City,30,Staunton High,Y,18,,18
2021-2022,126,Staunton City,90,Thomas C. McSwain Elementary,N,421,,421
2021-2022,126,Staunton City,90,Thomas C. McSwain Elementary,Y,<,,<
2021-2022,130,Waynesboro City,650,Berkeley Glenn Elementary ,N,229,,229
2021-2022,130,Waynesboro City,650,Berkeley Glenn Elementary ,Y,15,,15
2021-2022,130,Waynesboro City,640,Kate Collins Middle ,N,630,,630
2021-2022,130,Waynesboro City,640,Kate Collins Middle ,Y,39,,39
2021-2022,130,Waynesboro City,620,Wayne Hills Center,N,145,,145
2021-2022,130,Waynesboro City,600,Waynesboro High ,N,829,<,830
2021-2022,130,Waynesboro City,600,Waynesboro High ,Y,48,,48
2021-2022,130,Waynesboro City,580,Wenonah Elementary ,N,184,,184
2021-2022,130,Waynesboro City,580,Wenonah Elementary ,Y,46,,46
2021-2022,130,Waynesboro City,630,Westwood Hills Elementary ,N,356,,356
2021-2022,130,Waynesboro City,630,Westwood Hills Elementary ,Y,23,,23
2021-2022,130,Waynesboro City,751,William Perry Elementary ,N,390,,390
2021-2022,130,Waynesboro City,751,William Perry Elementary ,Y,34,,34
2022-2023,2,Albemarle County,160,Agnor-Hurt Elementary,N,323,,323
2022-2023,2,Albemarle County,160,Agnor-Hurt Elementary,Y,105,,105
2022-2023,2,Albemarle County,880,Albemarle High,N,"1,728",<,"1,733"
2022-2023,2,Albemarle County,880,Albemarle High,Y,223,,223
2022-2023,2,Albemarle County,1053,Baker-Butler Elem,N,630,,630
2022-2023,2,Albemarle County,1053,Baker-Butler Elem,Y,95,,95
2022-2023,2,Albemarle County,100,Broadus Wood Elementary,N,274,,274
2022-2023,2,Albemarle County,100,Broadus Wood Elementary,Y,13,,13
2022-2023,2,Albemarle County,941,Brownsville Elementary,N,578,,578
2022-2023,2,Albemarle County,941,Brownsville Elementary,Y,12,,12
2022-2023,2,Albemarle County,890,Community Lab School,N,187,,187
2022-2023,2,Albemarle County,890,Community Lab School,Y,<,,<
2022-2023,2,Albemarle County,340,Crozet Elementary,N,506,,506
2022-2023,2,Albemarle County,340,Crozet Elementary,Y,<,,<
2022-2023,2,Albemarle County,10,Hollymead Elementary,N,325,,325
2022-2023,2,Albemarle County,10,Hollymead Elementary,Y,21,,21
2022-2023,2,Albemarle County,69,Jackson P. Burley Middle,N,476,,476
2022-2023,2,Albemarle County,69,Jackson P. Burley Middle,Y,67,,67
2022-2023,2,Albemarle County,942,Joseph T. Henley Middle,N,791,<,795
2022-2023,2,Albemarle County,942,Joseph T. Henley Middle,Y,11,,11
2022-2023,2,Albemarle County,950,Journey Middle,N,468,,468
2022-2023,2,Albemarle County,950,Journey Middle,Y,116,,116
2022-2023,2,Albemarle County,1051,Lakeside Middle,N,459,<,460
2022-2023,2,Albemarle County,1051,Lakeside Middle,Y,31,,31
2022-2023,2,Albemarle County,20,Leslie H. Walton Middle,N,320,,320
2022-2023,2,Albemarle County,20,Leslie H. Walton Middle,Y,11,,11
2022-2023,2,Albemarle County,40,Mary Carr Greer Elementary,N,321,,321
2022-2023,2,Albemarle County,40,Mary Carr Greer Elementary,Y,171,,171
2022-2023,2,Albemarle County,250,Meriwether Lewis Elementary,N,334,,334
2022-2023,2,Albemarle County,250,Meriwether Lewis Elementary,Y,<,,<
2022-2023,2,Albemarle County,1052,Monticello High,N,"1,145",<,"1,149"
2022-2023,2,Albemarle County,1052,Monticello High,Y,62,,62
2022-2023,2,Albemarle County,150,Mountain View Elementary,N,622,,622
2022-2023,2,Albemarle County,150,Mountain View Elementary,Y,126,,126
2022-2023,2,Albemarle County,540,Red Hill Elementary,N,190,,190
2022-2023,2,Albemarle County,540,Red Hill Elementary,Y,11,,11
2022-2023,2,Albemarle County,30,Scottsville Elementary,N,222,,222
2022-2023,2,Albemarle County,30,Scottsville Elementary,Y,<,,<
2022-2023,2,Albemarle County,920,Stone Robinson Elementary,N,448,,448
2022-2023,2,Albemarle County,920,Stone Robinson Elementary,Y,23,,23
2022-2023,2,Albemarle County,240,Stony Point Elementary,N,185,,185
2022-2023,2,Albemarle County,240,Stony Point Elementary,Y,<,,<
2022-2023,2,Albemarle County,910,Virginia L. Murray Elementary,N,271,,271
2022-2023,2,Albemarle County,910,Virginia L. Murray Elementary,Y,<,,<
2022-2023,2,Albemarle County,140,Western Albemarle High,N,"1,148",<,"1,152"
2022-2023,2,Albemarle County,140,Western Albemarle High,Y,<,,<
2022-2023,2,Albemarle County,930,Woodbrook Elementary,N,463,,463
2022-2023,2,Albemarle County,930,Woodbrook Elementary,Y,135,,135
2022-2023,8,Augusta County,212,Beverley Manor Middle,N,590,,590
2022-2023,8,Augusta County,212,Beverley Manor Middle,Y,<,,<
2022-2023,8,Augusta County,660,Buffalo Gap High,N,431,,431
2022-2023,8,Augusta County,660,Buffalo Gap High,Y,<,,<
2022-2023,8,Augusta County,30,Cassell Elementary,N,651,,651
2022-2023,8,Augusta County,30,Cassell Elementary,Y,<,,<
2022-2023,8,Augusta County,140,Churchville Elementary,N,432,,432
2022-2023,8,Augusta County,140,Churchville Elementary,Y,<,,<
2022-2023,8,Augusta County,370,Craigsville Elementary,N,143,,143
2022-2023,8,Augusta County,370,Craigsville Elementary,Y,<,,<
2022-2023,8,Augusta County,842,Edward G. Clymore Elementary,N,704,,704
2022-2023,8,Augusta County,842,Edward G. Clymore Elementary,Y,67,,67
2022-2023,8,Augusta County,670,Fort Defiance High,N,703,,703
2022-2023,8,Augusta County,670,Fort Defiance High,Y,16,,16
2022-2023,8,Augusta County,843,Guy K. Stump Elementary,N,445,,445
2022-2023,8,Augusta County,843,Guy K. Stump Elementary,Y,<,,<
2022-2023,8,Augusta County,40,North River Elementary,N,214,,214
2022-2023,8,Augusta County,40,North River Elementary,Y,23,,23
2022-2023,8,Augusta County,740,Riverheads Elementary,N,735,,735
2022-2023,8,Augusta County,740,Riverheads Elementary,Y,<,,<
2022-2023,8,Augusta County,680,Riverheads High,N,459,,459
2022-2023,8,Augusta County,680,Riverheads High,Y,<,,<
2022-2023,8,Augusta County,90,S. Gordon Stewart Middle,N,464,,464
2022-2023,8,Augusta County,90,S. Gordon Stewart Middle,Y,14,,14
2022-2023,8,Augusta County,440,Stuarts Draft Elementary,N,571,,571
2022-2023,8,Augusta County,440,Stuarts Draft Elementary,Y,15,,15
2022-2023,8,Augusta County,730,Stuarts Draft High,N,684,<,685
2022-2023,8,Augusta County,730,Stuarts Draft High,Y,10,,10
2022-2023,8,Augusta County,60,Stuarts Draft Middle,N,475,,475
2022-2023,8,Augusta County,60,Stuarts Draft Middle,Y,<,,<
2022-2023,8,Augusta County,640,Wilson Elementary,N,596,,596
2022-2023,8,Augusta County,640,Wilson Elementary,Y,45,,45
2022-2023,8,Augusta County,720,Wilson Memorial High,N,837,,837
2022-2023,8,Augusta County,720,Wilson Memorial High,Y,20,,20
2022-2023,8,Augusta County,844,Wilson Middle,N,610,,610
2022-2023,8,Augusta County,844,Wilson Middle,Y,11,,11
2022-2023,15,Buckingham County,724,Buckingham Co Elementary,N,404,,404
2022-2023,15,Buckingham County,724,Buckingham Co Elementary,Y,13,,13
2022-2023,15,Buckingham County,20,Buckingham Co Prekindergarten Center,N,100,,100
2022-2023,15,Buckingham County,723,Buckingham Co Primary,N,347,,347
2022-2023,15,Buckingham County,723,Buckingham Co Primary,Y,<,,<
2022-2023,15,Buckingham County,700,Buckingham County High,N,647,,647
2022-2023,15,Buckingham County,700,Buckingham County High,Y,<,,<
2022-2023,15,Buckingham County,721,Buckingham County Middle,N,460,,460
2022-2023,15,Buckingham County,721,Buckingham County Middle,Y,<,,<
2022-2023,104,Charlottesville City,100,Buford Middle,N,448,<,450
2022-2023,104,Charlottesville City,100,Buford Middle,Y,74,,74
2022-2023,104,Charlottesville City,70,Burnley-Moran Elementary,N,262,,262
2022-2023,104,Charlottesville City,70,Burnley-Moran Elementary,Y,23,,23
2022-2023,104,Charlottesville City,140,Charlottesville High,N,"1,139",<,"1,142"
2022-2023,104,Charlottesville City,140,Charlottesville High,Y,183,,183
2022-2023,104,Charlottesville City,50,Clark Elementary,N,284,,284
2022-2023,104,Charlottesville City,50,Clark Elementary,Y,67,,67
2022-2023,104,Charlottesville City,90,Greenbrier Elementary,N,254,,254
2022-2023,104,Charlottesville City,90,Greenbrier Elementary,Y,58,,58
2022-2023,104,Charlottesville City,120,Jackson-Via Elementary,N,294,,294
2022-2023,104,Charlottesville City,120,Jackson-Via Elementary,Y,49,,49
2022-2023,104,Charlottesville City,10,Johnson Elementary,N,279,,279
2022-2023,104,Charlottesville City,10,Johnson Elementary,Y,42,,42
2022-2023,104,Charlottesville City,40,Venable Elementary,N,279,,279
2022-2023,104,Charlottesville City,40,Venable Elementary,Y,27,,27
2022-2023,104,Charlottesville City,110,Walker Upper Elementary,N,481,<,482
2022-2023,104,Charlottesville City,110,Walker Upper Elementary,Y,96,,96
2022-2023,32,Fluvanna County,300,Carysbrook Elementary,N,451,,451
2022-2023,32,Fluvanna County,300,Carysbrook Elementary,Y,21,,21
2022-2023,32,Fluvanna County,310,Central Elementary,N,691,,691
2022-2023,32,Fluvanna County,310,Central Elementary,Y,24,,24
2022-2023,32,Fluvanna County,260,Fluvanna County High,N,"1,443",,"1,443"
2022-2023,32,Fluvanna County,260,Fluvanna County High,Y,24,,24
2022-2023,32,Fluvanna County,320,Fluvanna Middle,N,729,,729
2022-2023,32,Fluvanna County,320,Fluvanna Middle,Y,25,,25
2022-2023,39,Greene County,20,Nathanael Greene Elementary,N,339,,339
2022-2023,39,Greene County,20,Nathanael Greene Elementary,Y,13,,13
2022-2023,39,Greene County,10,Nathanael Greene Primary,N,337,,337
2022-2023,39,Greene County,10,Nathanael Greene Primary,Y,10,,10
2022-2023,39,Greene County,30,Ruckersville Elementary,N,435,,435
2022-2023,39,Greene County,30,Ruckersville Elementary,Y,59,,59
2022-2023,39,Greene County,72,William Monroe High,N,900,,900
2022-2023,39,Greene County,72,William Monroe High,Y,35,,35
2022-2023,39,Greene County,71,William Monroe Middle,N,614,,614
2022-2023,39,Greene County,71,William Monroe Middle,Y,27,,27
2022-2023,54,Louisa County,660,Jouett Elementary,N,598,,598
2022-2023,54,Louisa County,660,Jouett Elementary,Y,18,,18
2022-2023,54,Louisa County,602,Louisa County High,N,"1,614",,"1,614"
2022-2023,54,Louisa County,602,Louisa County High,Y,26,,26
2022-2023,54,Louisa County,601,Louisa County Middle,N,"1,086",,"1,086"
2022-2023,54,Louisa County,601,Louisa County Middle,Y,30,,30
2022-2023,54,Louisa County,80,Moss-Nuckols Elementary,N,547,,547
2022-2023,54,Louisa County,80,Moss-Nuckols Elementary,Y,31,,31
2022-2023,54,Louisa County,610,Thomas Jefferson Elementary,N,586,,586
2022-2023,54,Louisa County,610,Thomas Jefferson Elementary,Y,35,,35
2022-2023,54,Louisa County,641,Trevilians Elementary,N,518,,518
2022-2023,54,Louisa County,641,Trevilians Elementary,Y,13,,13
2022-2023,56,Madison County,221,Madison County High,N,544,<,547
2022-2023,56,Madison County,221,Madison County High,Y,11,,11
2022-2023,56,Madison County,230,Madison Primary,N,386,,386
2022-2023,56,Madison County,230,Madison Primary,Y,<,,<
2022-2023,56,Madison County,200,Waverly Yowell Elementary,N,319,,319
2022-2023,56,Madison County,200,Waverly Yowell Elementary,Y,14,,14
2022-2023,56,Madison County,222,William H. Wetsel Middle,N,383,,383
2022-2023,56,Madison County,222,William H. Wetsel Middle,Y,<,,<
2022-2023,62,Nelson County,710,Nelson County High,N,506,,506
2022-2023,62,Nelson County,710,Nelson County High,Y,<,,<
2022-2023,62,Nelson County,730,Nelson Middle,N,320,,320
2022-2023,62,Nelson County,730,Nelson Middle,Y,12,,12
2022-2023,62,Nelson County,10,Rockfish River Elementary,N,248,,248
2022-2023,62,Nelson County,10,Rockfish River Elementary,Y,16,,16
2022-2023,62,Nelson County,20,Tye River Elementary,N,343,,343
2022-2023,62,Nelson County,20,Tye River Elementary,Y,12,,12
2022-2023,68,Orange County,360,Gordon-Barbour Elementary,N,299,,299
2022-2023,68,Orange County,360,Gordon-Barbour Elementary,Y,18,,18
2022-2023,68,Orange County,70,Lightfoot Elementary,N,220,,220
2022-2023,68,Orange County,70,Lightfoot Elementary,Y,14,,14
2022-2023,68,Orange County,50,Locust Grove Elementary,N,486,,486
2022-2023,68,Orange County,50,Locust Grove Elementary,Y,24,,24
2022-2023,68,Orange County,471,Locust Grove Middle,N,649,,649
2022-2023,68,Orange County,471,Locust Grove Middle,Y,24,,24
2022-2023,68,Orange County,51,Locust Grove Primary,N,441,,441
2022-2023,68,Orange County,51,Locust Grove Primary,Y,11,,11
2022-2023,68,Orange County,330,Orange County High ,N,"1,424",<,"1,425"
2022-2023,68,Orange County,330,Orange County High ,Y,46,,46
2022-2023,68,Orange County,370,Orange Elementary,N,596,,596
2022-2023,68,Orange County,370,Orange Elementary,Y,46,,46
2022-2023,68,Orange County,340,Prospect Heights Middle,N,420,,420
2022-2023,68,Orange County,340,Prospect Heights Middle,Y,28,,28
2022-2023,68,Orange County,350,Unionville Elementary,N,218,,218
2022-2023,68,Orange County,350,Unionville Elementary,Y,12,,12
2022-2023,126,Staunton City,40,Arthur R. Ware Elementary,N,362,,362
2022-2023,126,Staunton City,40,Arthur R. Ware Elementary,Y,16,,16
2022-2023,126,Staunton City,70,Bessie Weller Elementary,N,331,,331
2022-2023,126,Staunton City,70,Bessie Weller Elementary,Y,37,,37
2022-2023,126,Staunton City,110,Shelburne Middle,N,541,,541
2022-2023,126,Staunton City,110,Shelburne Middle,Y,20,,20
2022-2023,126,Staunton City,41,Staunton City School PreSchool Programs,N,134,,134
2022-2023,126,Staunton City,30,Staunton High,N,799,,799
2022-2023,126,Staunton City,30,Staunton High,Y,21,,21
2022-2023,126,Staunton City,90,Thomas C. McSwain Elementary,N,409,,409
2022-2023,126,Staunton City,90,Thomas C. McSwain Elementary,Y,<,,<
2022-2023,130,Waynesboro City,650,Berkeley Glenn Elementary ,N,236,,236
2022-2023,130,Waynesboro City,650,Berkeley Glenn Elementary ,Y,17,,17
2022-2023,130,Waynesboro City,640,Kate Collins Middle ,N,565,,565
2022-2023,130,Waynesboro City,640,Kate Collins Middle ,Y,55,,55
2022-2023,130,Waynesboro City,620,Wayne Hills Center,N,185,,185
2022-2023,130,Waynesboro City,600,Waynesboro High ,N,835,<,836
2022-2023,130,Waynesboro City,600,Waynesboro High ,Y,63,,63
2022-2023,130,Waynesboro City,580,Wenonah Elementary ,N,178,,178
2022-2023,130,Waynesboro City,580,Wenonah Elementary ,Y,42,,42
2022-2023,130,Waynesboro City,630,Westwood Hills Elementary ,N,352,,352
2022-2023,130,Waynesboro City,630,Westwood Hills Elementary ,Y,32,,32
2022-2023,130,Waynesboro City,751,William Perry Elementary ,N,400,,400
2022-2023,130,Waynesboro City,751,William Perry Elementary ,Y,40,,40
2023-2024,2,Albemarle County,160,Agnor-Hurt Elementary,N,365,,365
2023-2024,2,Albemarle County,160,Agnor-Hurt Elementary,Y,97,,97
2023-2024,2,Albemarle County,880,Albemarle High,N,"1,727",<,"1,733"
2023-2024,2,Albemarle County,880,Albemarle High,Y,253,,253
2023-2024,2,Albemarle County,1053,Baker-Butler Elem,N,619,,619
2023-2024,2,Albemarle County,1053,Baker-Butler Elem,Y,97,,97
2023-2024,2,Albemarle County,100,Broadus Wood Elementary,N,272,,272
2023-2024,2,Albemarle County,100,Broadus Wood Elementary,Y,11,,11
2023-2024,2,Albemarle County,941,Brownsville Elementary,N,558,,558
2023-2024,2,Albemarle County,941,Brownsville Elementary,Y,13,,13
2023-2024,2,Albemarle County,890,Community Lab School,N,175,,175
2023-2024,2,Albemarle County,890,Community Lab School,Y,<,,<
2023-2024,2,Albemarle County,340,Crozet Elementary,N,534,,534
2023-2024,2,Albemarle County,340,Crozet Elementary,Y,<,,<
2023-2024,2,Albemarle County,10,Hollymead Elementary,N,312,,312
2023-2024,2,Albemarle County,10,Hollymead Elementary,Y,29,,29
2023-2024,2,Albemarle County,250,Ivy Elementary,N,342,,342
2023-2024,2,Albemarle County,250,Ivy Elementary,Y,<,,<
2023-2024,2,Albemarle County,69,Jackson P. Burley Middle,N,445,,445
2023-2024,2,Albemarle County,69,Jackson P. Burley Middle,Y,74,,74
2023-2024,2,Albemarle County,942,Joseph T. Henley Middle,N,778,,778
2023-2024,2,Albemarle County,942,Joseph T. Henley Middle,Y,17,,17
2023-2024,2,Albemarle County,950,Journey Middle,N,435,,435
2023-2024,2,Albemarle County,950,Journey Middle,Y,121,,121
2023-2024,2,Albemarle County,1051,Lakeside Middle,N,462,,462
2023-2024,2,Albemarle County,1051,Lakeside Middle,Y,36,,36
2023-2024,2,Albemarle County,20,Leslie H. Walton Middle,N,307,<,308
2023-2024,2,Albemarle County,20,Leslie H. Walton Middle,Y,16,,16
2023-2024,2,Albemarle County,40,Mary Carr Greer Elementary,N,326,,326
2023-2024,2,Albemarle County,40,Mary Carr Greer Elementary,Y,162,,162
2023-2024,2,Albemarle County,1052,Monticello High,N,"1,113",<,"1,118"
2023-2024,2,Albemarle County,1052,Monticello High,Y,78,,78
2023-2024,2,Albemarle County,150,Mountain View Elementary,N,620,,620
2023-2024,2,Albemarle County,150,Mountain View Elementary,Y,133,,133
2023-2024,2,Albemarle County,540,Red Hill Elementary,N,181,,181
2023-2024,2,Albemarle County,540,Red Hill Elementary,Y,13,,13
2023-2024,2,Albemarle County,30,Scottsville Elementary,N,209,,209
2023-2024,2,Albemarle County,30,Scottsville Elementary,Y,<,,<
2023-2024,2,Albemarle County,920,Stone Robinson Elementary,N,463,,463
2023-2024,2,Albemarle County,920,Stone Robinson Elementary,Y,23,,23
2023-2024,2,Albemarle County,240,Stony Point Elementary,N,182,,182
2023-2024,2,Albemarle County,240,Stony Point Elementary,Y,<,,<
2023-2024,2,Albemarle County,910,Virginia L. Murray Elementary,N,257,,257
2023-2024,2,Albemarle County,910,Virginia L. Murray Elementary,Y,15,,15
2023-2024,2,Albemarle County,140,Western Albemarle High,N,"1,149",<,"1,151"
2023-2024,2,Albemarle County,140,Western Albemarle High,Y,11,,11
2023-2024,2,Albemarle County,930,Woodbrook Elementary,N,352,,352
2023-2024,2,Albemarle County,930,Woodbrook Elementary,Y,160,,160
2023-2024,8,Augusta County,212,Beverley Manor Middle,N,605,,605
2023-2024,8,Augusta County,212,Beverley Manor Middle,Y,<,,<
2023-2024,8,Augusta County,660,Buffalo Gap High,N,413,,413
2023-2024,8,Augusta County,660,Buffalo Gap High,Y,<,,<
2023-2024,8,Augusta County,30,Cassell Elementary,N,626,,626
2023-2024,8,Augusta County,30,Cassell Elementary,Y,13,,13
2023-2024,8,Augusta County,140,Churchville Elementary,N,449,,449
2023-2024,8,Augusta County,370,Craigsville Elementary,N,126,,126
2023-2024,8,Augusta County,370,Craigsville Elementary,Y,<,,<
2023-2024,8,Augusta County,842,Edward G. Clymore Elementary,N,692,,692
2023-2024,8,Augusta County,842,Edward G. Clymore Elementary,Y,73,,73
2023-2024,8,Augusta County,670,Fort Defiance High,N,707,<,708
2023-2024,8,Augusta County,670,Fort Defiance High,Y,17,,17
2023-2024,8,Augusta County,843,Guy K. Stump Elementary,N,448,,448
2023-2024,8,Augusta County,843,Guy K. Stump Elementary,Y,<,,<
2023-2024,8,Augusta County,40,North River Elementary,N,215,,215
2023-2024,8,Augusta County,40,North River Elementary,Y,20,,20
2023-2024,8,Augusta County,740,Riverheads Elementary,N,717,,717
2023-2024,8,Augusta County,740,Riverheads Elementary,Y,<,,<
2023-2024,8,Augusta County,680,Riverheads High,N,445,<,446
2023-2024,8,Augusta County,680,Riverheads High,Y,<,,<
2023-2024,8,Augusta County,90,S. Gordon Stewart Middle,N,475,,475
2023-2024,8,Augusta County,90,S. Gordon Stewart Middle,Y,20,,20
2023-2024,8,Augusta County,440,Stuarts Draft Elementary,N,594,,594
2023-2024,8,Augusta County,440,Stuarts Draft Elementary,Y,16,,16
2023-2024,8,Augusta County,730,Stuarts Draft High,N,695,<,696
2023-2024,8,Augusta County,730,Stuarts Draft High,Y,15,,15
2023-2024,8,Augusta County,60,Stuarts Draft Middle,N,488,,488
2023-2024,8,Augusta County,60,Stuarts Draft Middle,Y,<,,<
2023-2024,8,Augusta County,640,Wilson Elementary,N,601,,601
2023-2024,8,Augusta County,640,Wilson Elementary,Y,46,,46
2023-2024,8,Augusta County,720,Wilson Memorial High,N,838,<,840
2023-2024,8,Augusta County,720,Wilson Memorial High,Y,23,,23
2023-2024,8,Augusta County,844,Wilson Middle,N,624,,624
2023-2024,8,Augusta County,844,Wilson Middle,Y,18,,18
2023-2024,15,Buckingham County,724,Buckingham Co Elementary,N,380,,380
2023-2024,15,Buckingham County,724,Buckingham Co Elementary,Y,11,,11
2023-2024,15,Buckingham County,20,Buckingham Co Prekindergarten Center,N,108,,108
2023-2024,15,Buckingham County,723,Buckingham Co Primary,N,350,,350
2023-2024,15,Buckingham County,723,Buckingham Co Primary,Y,<,,<
2023-2024,15,Buckingham County,700,Buckingham County High,N,680,,680
2023-2024,15,Buckingham County,700,Buckingham County High,Y,<,,<
2023-2024,15,Buckingham County,721,Buckingham County Middle,N,419,,419
2023-2024,15,Buckingham County,721,Buckingham County Middle,Y,10,,10
2023-2024,104,Charlottesville City,100,Buford Middle,N,412,<,414
2023-2024,104,Charlottesville City,100,Buford Middle,Y,94,,94
2023-2024,104,Charlottesville City,70,Burnley-Moran Elementary,N,252,,252
2023-2024,104,Charlottesville City,70,Burnley-Moran Elementary,Y,31,,31
2023-2024,104,Charlottesville City,140,Charlottesville High,N,"1,131",<,"1,137"
2023-2024,104,Charlottesville City,140,Charlottesville High,Y,211,,211
2023-2024,104,Charlottesville City,50,Clark Elementary,N,243,,243
2023-2024,104,Charlottesville City,50,Clark Elementary,Y,62,,62
2023-2024,104,Charlottesville City,90,Greenbrier Elementary,N,214,,214
2023-2024,104,Charlottesville City,90,Greenbrier Elementary,Y,54,,54
2023-2024,104,Charlottesville City,120,Jackson-Via Elementary,N,287,,287
2023-2024,104,Charlottesville City,120,Jackson-Via Elementary,Y,64,,64
2023-2024,104,Charlottesville City,10,Johnson Elementary,N,269,,269
2023-2024,104,Charlottesville City,10,Johnson Elementary,Y,60,,60
2023-2024,104,Charlottesville City,40,Venable Elementary,N,289,,289
2023-2024,104,Charlottesville City,40,Venable Elementary,Y,32,,32
2023-2024,104,Charlottesville City,110,Walker Upper Elementary,N,474,<,477
2023-2024,104,Charlottesville City,110,Walker Upper Elementary,Y,88,,88
2023-2024,32,Fluvanna County,300,Carysbrook Elementary,N,438,,438
2023-2024,32,Fluvanna County,300,Carysbrook Elementary,Y,21,,21
2023-2024,32,Fluvanna County,310,Central Elementary,N,718,,718
2023-2024,32,Fluvanna County,310,Central Elementary,Y,25,,25
2023-2024,32,Fluvanna County,260,Fluvanna County High,N,"1,384",,"1,384"
2023-2024,32,Fluvanna County,260,Fluvanna County High,Y,21,,21
2023-2024,32,Fluvanna County,320,Fluvanna Middle,N,713,,713
2023-2024,32,Fluvanna County,320,Fluvanna Middle,Y,17,,17
2023-2024,39,Greene County,20,Nathanael Greene Elementary,N,326,,326
2023-2024,39,Greene County,20,Nathanael Greene Elementary,Y,13,,13
2023-2024,39,Greene County,10,Nathanael Greene Primary,N,356,,356
2023-2024,39,Greene County,10,Nathanael Greene Primary,Y,15,,15
2023-2024,39,Greene County,30,Ruckersville Elementary,N,423,,423
2023-2024,39,Greene County,30,Ruckersville Elementary,Y,67,,67
2023-2024,39,Greene County,72,William Monroe High,N,929,,929
2023-2024,39,Greene County,72,William Monroe High,Y,40,,40
2023-2024,39,Greene County,71,William Monroe Middle,N,564,,564
2023-2024,39,Greene County,71,William Monroe Middle,Y,32,,32
2023-2024,54,Louisa County,660,Jouett Elementary,N,625,,625
2023-2024,54,Louisa County,660,Jouett Elementary,Y,15,,15
2023-2024,54,Louisa County,602,Louisa County High,N,"1,567",,"1,567"
2023-2024,54,Louisa County,602,Louisa County High,Y,43,,43
2023-2024,54,Louisa County,601,Louisa County Middle,N,"1,111",,"1,111"
2023-2024,54,Louisa County,601,Louisa County Middle,Y,24,,24
2023-2024,54,Louisa County,80,Moss-Nuckols Elementary,N,559,,559
2023-2024,54,Louisa County,80,Moss-Nuckols Elementary,Y,26,,26
2023-2024,54,Louisa County,610,Thomas Jefferson Elementary,N,597,,597
2023-2024,54,Louisa County,610,Thomas Jefferson Elementary,Y,40,,40
2023-2024,54,Louisa County,641,Trevilians Elementary,N,529,,529
2023-2024,54,Louisa County,641,Trevilians Elementary,Y,11,,11
2023-2024,56,Madison County,221,Madison County High,N,528,<,529
2023-2024,56,Madison County,221,Madison County High,Y,<,,<
2023-2024,56,Madison County,230,Madison Primary,N,374,<,375
2023-2024,56,Madison County,230,Madison Primary,Y,<,,<
2023-2024,56,Madison County,200,Waverly Yowell Elementary,N,331,,331
2023-2024,56,Madison County,200,Waverly Yowell Elementary,Y,12,,12
2023-2024,56,Madison County,222,William H. Wetsel Middle,N,391,,391
2023-2024,56,Madison County,222,William H. Wetsel Middle,Y,<,,<
2023-2024,62,Nelson County,710,Nelson County High,N,473,,473
2023-2024,62,Nelson County,710,Nelson County High,Y,12,,12
2023-2024,62,Nelson County,730,Nelson Middle,N,339,,339
2023-2024,62,Nelson County,730,Nelson Middle,Y,14,,14
2023-2024,62,Nelson County,10,Rockfish River Elementary,N,271,,271
2023-2024,62,Nelson County,10,Rockfish River Elementary,Y,19,,19
2023-2024,62,Nelson County,20,Tye River Elementary,N,337,,337
2023-2024,62,Nelson County,20,Tye River Elementary,Y,22,,22
2023-2024,68,Orange County,360,Gordon-Barbour Elementary,N,323,,323
2023-2024,68,Orange County,360,Gordon-Barbour Elementary,Y,19,,19
2023-2024,68,Orange County,70,Lightfoot Elementary,N,231,,231
2023-2024,68,Orange County,70,Lightfoot Elementary,Y,14,,14
2023-2024,68,Orange County,50,Locust Grove Elementary,N,482,,482
2023-2024,68,Orange County,50,Locust Grove Elementary,Y,28,,28
2023-2024,68,Orange County,471,Locust Grove Middle,N,636,,636
2023-2024,68,Orange County,471,Locust Grove Middle,Y,21,,21
2023-2024,68,Orange County,51,Locust Grove Primary,N,460,,460
2023-2024,68,Orange County,51,Locust Grove Primary,Y,23,,23
2023-2024,68,Orange County,330,Orange County High ,N,"1,383",<,"1,384"
2023-2024,68,Orange County,330,Orange County High ,Y,60,,60
2023-2024,68,Orange County,370,Orange Elementary,N,590,,590
2023-2024,68,Orange County,370,Orange Elementary,Y,52,,52
2023-2024,68,Orange County,340,Prospect Heights Middle,N,406,,406
2023-2024,68,Orange County,340,Prospect Heights Middle,Y,27,,27
2023-2024,68,Orange County,350,Unionville Elementary,N,234,,234
2023-2024,68,Orange County,350,Unionville Elementary,Y,16,,16
2023-2024,126,Staunton City,40,Arthur R. Ware Elementary,N,348,,348
2023-2024,126,Staunton City,40,Arthur R. Ware Elementary,Y,20,,20
2023-2024,126,Staunton City,70,Bessie Weller Elementary,N,344,,344
2023-2024,126,Staunton City,70,Bessie Weller Elementary,Y,29,,29
2023-2024,126,Staunton City,110,Shelburne Middle,N,548,,548
2023-2024,126,Staunton City,110,Shelburne Middle,Y,30,,30
2023-2024,126,Staunton City,41,Staunton City School PreSchool Programs,N,143,,143
2023-2024,126,Staunton City,30,Staunton High,N,764,,764
2023-2024,126,Staunton City,30,Staunton High,Y,23,,23
2023-2024,126,Staunton City,90,Thomas C. McSwain Elementary,N,416,,416
2023-2024,126,Staunton City,90,Thomas C. McSwain Elementary,Y,<,,<
2023-2024,130,Waynesboro City,650,Berkeley Glenn Elementary ,N,239,,239
2023-2024,130,Waynesboro City,650,Berkeley Glenn Elementary ,Y,17,,17
2023-2024,130,Waynesboro City,640,Kate Collins Middle ,N,539,,539
2023-2024,130,Waynesboro City,640,Kate Collins Middle ,Y,64,,64
2023-2024,130,Waynesboro City,620,Wayne Hills Center,N,194,,194
2023-2024,130,Waynesboro City,620,Wayne Hills Center,Y,<,,<
2023-2024,130,Waynesboro City,600,Waynesboro High ,N,837,,837
2023-2024,130,Waynesboro City,600,Waynesboro High ,Y,73,,73
2023-2024,130,Waynesboro City,580,Wenonah Elementary ,N,169,,169
2023-2024,130,Waynesboro City,580,Wenonah Elementary ,Y,40,,40
2023-2024,130,Waynesboro City,630,Westwood Hills Elementary ,N,348,,348
2023-2024,130,Waynesboro City,630,Westwood Hills Elementary ,Y,31,,31
2023-2024,130,Waynesboro City,751,William Perry Elementary ,N,416,,416
2023-2024,130,Waynesboro City,751,William Perry Elementary ,Y,51,,51