School Year,Division Number,Division Name,School Number,School Name,Race,FT Count,PT Count,Total Count
2024-2025,2,Albemarle County,160,Agnor Elementary,American Indian or Alaska Native,1,,1
2024-2025,2,Albemarle County,160,Agnor Elementary,Asian,54,,54
2024-2025,2,Albemarle County,160,Agnor Elementary,"Black, not of Hispanic origin",108,,108
2024-2025,2,Albemarle County,160,Agnor Elementary,Hispanic,153,,153
2024-2025,2,Albemarle County,160,Agnor Elementary,"Non-Hispanic, two or more races",42,,42
2024-2025,2,Albemarle County,160,Agnor Elementary,"White, not of Hispanic origin",165,,165
2024-2025,2,Albemarle County,880,Albemarle High,American Indian or Alaska Native,5,,5
2024-2025,2,Albemarle County,880,Albemarle High,Asian,170,,170
2024-2025,2,Albemarle County,880,Albemarle High,"Black, not of Hispanic origin",309,,309
2024-2025,2,Albemarle County,880,Albemarle High,Hispanic,426,1,427
2024-2025,2,Albemarle County,880,Albemarle High,"Non-Hispanic, two or more races",150,,150
2024-2025,2,Albemarle County,880,Albemarle High,"White, not of Hispanic origin",911,3,914
2024-2025,2,Albemarle County,1053,Baker-Butler Elementary,American Indian or Alaska Native,2,,2
2024-2025,2,Albemarle County,1053,Baker-Butler Elementary,Asian,71,,71
2024-2025,2,Albemarle County,1053,Baker-Butler Elementary,"Black, not of Hispanic origin",84,,84
2024-2025,2,Albemarle County,1053,Baker-Butler Elementary,Hispanic,138,,138
2024-2025,2,Albemarle County,1053,Baker-Butler Elementary,"Non-Hispanic, two or more races",68,,68
2024-2025,2,Albemarle County,1053,Baker-Butler Elementary,"White, not of Hispanic origin",329,,329
2024-2025,2,Albemarle County,100,Broadus Wood Elementary,Asian,5,,5
2024-2025,2,Albemarle County,100,Broadus Wood Elementary,"Black, not of Hispanic origin",7,,7
2024-2025,2,Albemarle County,100,Broadus Wood Elementary,Hispanic,22,,22
2024-2025,2,Albemarle County,100,Broadus Wood Elementary,"Non-Hispanic, two or more races",23,,23
2024-2025,2,Albemarle County,100,Broadus Wood Elementary,"White, not of Hispanic origin",225,,225
2024-2025,2,Albemarle County,941,Brownsville Elementary,Asian,30,,30
2024-2025,2,Albemarle County,941,Brownsville Elementary,"Black, not of Hispanic origin",11,,11
2024-2025,2,Albemarle County,941,Brownsville Elementary,Hispanic,32,,32
2024-2025,2,Albemarle County,941,Brownsville Elementary,Native Hawaiian  or Pacific Islander,1,,1
2024-2025,2,Albemarle County,941,Brownsville Elementary,"Non-Hispanic, two or more races",37,,37
2024-2025,2,Albemarle County,941,Brownsville Elementary,"White, not of Hispanic origin",419,,419
2024-2025,2,Albemarle County,890,Community Lab School,Asian,6,,6
2024-2025,2,Albemarle County,890,Community Lab School,"Black, not of Hispanic origin",12,,12
2024-2025,2,Albemarle County,890,Community Lab School,Hispanic,18,,18
2024-2025,2,Albemarle County,890,Community Lab School,"Non-Hispanic, two or more races",14,,14
2024-2025,2,Albemarle County,890,Community Lab School,"White, not of Hispanic origin",127,,127
2024-2025,2,Albemarle County,340,Crozet Elementary,Asian,20,,20
2024-2025,2,Albemarle County,340,Crozet Elementary,"Black, not of Hispanic origin",15,,15
2024-2025,2,Albemarle County,340,Crozet Elementary,Hispanic,46,,46
2024-2025,2,Albemarle County,340,Crozet Elementary,"Non-Hispanic, two or more races",36,,36
2024-2025,2,Albemarle County,340,Crozet Elementary,"White, not of Hispanic origin",454,,454
2024-2025,2,Albemarle County,10,Hollymead Elementary,American Indian or Alaska Native,1,,1
2024-2025,2,Albemarle County,10,Hollymead Elementary,Asian,101,,101
2024-2025,2,Albemarle County,10,Hollymead Elementary,"Black, not of Hispanic origin",55,,55
2024-2025,2,Albemarle County,10,Hollymead Elementary,Hispanic,39,,39
2024-2025,2,Albemarle County,10,Hollymead Elementary,"Non-Hispanic, two or more races",44,,44
2024-2025,2,Albemarle County,10,Hollymead Elementary,"White, not of Hispanic origin",212,,212
2024-2025,2,Albemarle County,250,Ivy Elementary,Asian,10,,10
2024-2025,2,Albemarle County,250,Ivy Elementary,"Black, not of Hispanic origin",2,,2
2024-2025,2,Albemarle County,250,Ivy Elementary,Hispanic,29,,29
2024-2025,2,Albemarle County,250,Ivy Elementary,"Non-Hispanic, two or more races",13,,13
2024-2025,2,Albemarle County,250,Ivy Elementary,"White, not of Hispanic origin",304,,304
2024-2025,2,Albemarle County,69,Jackson P. Burley Middle,Asian,29,,29
2024-2025,2,Albemarle County,69,Jackson P. Burley Middle,"Black, not of Hispanic origin",106,,106
2024-2025,2,Albemarle County,69,Jackson P. Burley Middle,Hispanic,132,,132
2024-2025,2,Albemarle County,69,Jackson P. Burley Middle,"Non-Hispanic, two or more races",56,,56
2024-2025,2,Albemarle County,69,Jackson P. Burley Middle,"White, not of Hispanic origin",212,,212
2024-2025,2,Albemarle County,942,Joseph T. Henley Middle,Asian,33,,33
2024-2025,2,Albemarle County,942,Joseph T. Henley Middle,"Black, not of Hispanic origin",21,,21
2024-2025,2,Albemarle County,942,Joseph T. Henley Middle,Hispanic,64,,64
2024-2025,2,Albemarle County,942,Joseph T. Henley Middle,Native Hawaiian  or Pacific Islander,1,,1
2024-2025,2,Albemarle County,942,Joseph T. Henley Middle,"Non-Hispanic, two or more races",49,,49
2024-2025,2,Albemarle County,942,Joseph T. Henley Middle,"White, not of Hispanic origin",679,,679
2024-2025,2,Albemarle County,950,Journey Middle,Asian,40,,40
2024-2025,2,Albemarle County,950,Journey Middle,"Black, not of Hispanic origin",152,,152
2024-2025,2,Albemarle County,950,Journey Middle,Hispanic,196,,196
2024-2025,2,Albemarle County,950,Journey Middle,"Non-Hispanic, two or more races",45,,45
2024-2025,2,Albemarle County,950,Journey Middle,"White, not of Hispanic origin",214,1,215
2024-2025,2,Albemarle County,1051,Lakeside Middle,American Indian or Alaska Native,1,,1
2024-2025,2,Albemarle County,1051,Lakeside Middle,Asian,88,,88
2024-2025,2,Albemarle County,1051,Lakeside Middle,"Black, not of Hispanic origin",62,,62
2024-2025,2,Albemarle County,1051,Lakeside Middle,Hispanic,68,,68
2024-2025,2,Albemarle County,1051,Lakeside Middle,"Non-Hispanic, two or more races",46,,46
2024-2025,2,Albemarle County,1051,Lakeside Middle,"White, not of Hispanic origin",309,1,310
2024-2025,2,Albemarle County,20,Leslie H. Walton Middle,Asian,5,,5
2024-2025,2,Albemarle County,20,Leslie H. Walton Middle,"Black, not of Hispanic origin",31,,31
2024-2025,2,Albemarle County,20,Leslie H. Walton Middle,Hispanic,44,,44
2024-2025,2,Albemarle County,20,Leslie H. Walton Middle,"Non-Hispanic, two or more races",21,,21
2024-2025,2,Albemarle County,20,Leslie H. Walton Middle,"White, not of Hispanic origin",238,,238
2024-2025,2,Albemarle County,40,Mary Carr Greer Elementary,Asian,33,,33
2024-2025,2,Albemarle County,40,Mary Carr Greer Elementary,"Black, not of Hispanic origin",121,,121
2024-2025,2,Albemarle County,40,Mary Carr Greer Elementary,Hispanic,208,,208
2024-2025,2,Albemarle County,40,Mary Carr Greer Elementary,"Non-Hispanic, two or more races",38,,38
2024-2025,2,Albemarle County,40,Mary Carr Greer Elementary,"White, not of Hispanic origin",120,,120
2024-2025,2,Albemarle County,1052,Monticello High,Asian,35,,35
2024-2025,2,Albemarle County,1052,Monticello High,"Black, not of Hispanic origin",144,,144
2024-2025,2,Albemarle County,1052,Monticello High,Hispanic,250,,250
2024-2025,2,Albemarle County,1052,Monticello High,Native Hawaiian  or Pacific Islander,2,,2
2024-2025,2,Albemarle County,1052,Monticello High,"Non-Hispanic, two or more races",71,,71
2024-2025,2,Albemarle County,1052,Monticello High,"White, not of Hispanic origin",687,2,689
2024-2025,2,Albemarle County,150,Mountain View Elementary,American Indian or Alaska Native,2,,2
2024-2025,2,Albemarle County,150,Mountain View Elementary,Asian,38,,38
2024-2025,2,Albemarle County,150,Mountain View Elementary,"Black, not of Hispanic origin",114,,114
2024-2025,2,Albemarle County,150,Mountain View Elementary,Hispanic,208,,208
2024-2025,2,Albemarle County,150,Mountain View Elementary,"Non-Hispanic, two or more races",59,,59
2024-2025,2,Albemarle County,150,Mountain View Elementary,"White, not of Hispanic origin",349,,349
2024-2025,2,Albemarle County,540,Red Hill Elementary,"Black, not of Hispanic origin",8,,8
2024-2025,2,Albemarle County,540,Red Hill Elementary,Hispanic,44,,44
2024-2025,2,Albemarle County,540,Red Hill Elementary,"Non-Hispanic, two or more races",21,,21
2024-2025,2,Albemarle County,540,Red Hill Elementary,"White, not of Hispanic origin",137,,137
2024-2025,2,Albemarle County,30,Scottsville Elementary,Asian,2,,2
2024-2025,2,Albemarle County,30,Scottsville Elementary,"Black, not of Hispanic origin",26,,26
2024-2025,2,Albemarle County,30,Scottsville Elementary,Hispanic,21,,21
2024-2025,2,Albemarle County,30,Scottsville Elementary,"Non-Hispanic, two or more races",16,,16
2024-2025,2,Albemarle County,30,Scottsville Elementary,"White, not of Hispanic origin",151,,151
2024-2025,2,Albemarle County,920,Stone Robinson Elementary,American Indian or Alaska Native,1,,1
2024-2025,2,Albemarle County,920,Stone Robinson Elementary,Asian,20,,20
2024-2025,2,Albemarle County,920,Stone Robinson Elementary,"Black, not of Hispanic origin",60,,60
2024-2025,2,Albemarle County,920,Stone Robinson Elementary,Hispanic,58,,58
2024-2025,2,Albemarle County,920,Stone Robinson Elementary,"Non-Hispanic, two or more races",41,,41
2024-2025,2,Albemarle County,920,Stone Robinson Elementary,"White, not of Hispanic origin",296,,296
2024-2025,2,Albemarle County,240,Stony Point Elementary,American Indian or Alaska Native,1,,1
2024-2025,2,Albemarle County,240,Stony Point Elementary,Asian,11,,11
2024-2025,2,Albemarle County,240,Stony Point Elementary,"Black, not of Hispanic origin",22,,22
2024-2025,2,Albemarle County,240,Stony Point Elementary,Hispanic,16,,16
2024-2025,2,Albemarle County,240,Stony Point Elementary,"Non-Hispanic, two or more races",26,,26
2024-2025,2,Albemarle County,240,Stony Point Elementary,"White, not of Hispanic origin",141,,141
2024-2025,2,Albemarle County,910,Virginia L. Murray Elementary,American Indian or Alaska Native,1,,1
2024-2025,2,Albemarle County,910,Virginia L. Murray Elementary,Asian,18,,18
2024-2025,2,Albemarle County,910,Virginia L. Murray Elementary,"Black, not of Hispanic origin",9,,9
2024-2025,2,Albemarle County,910,Virginia L. Murray Elementary,Hispanic,19,,19
2024-2025,2,Albemarle County,910,Virginia L. Murray Elementary,Native Hawaiian  or Pacific Islander,1,,1
2024-2025,2,Albemarle County,910,Virginia L. Murray Elementary,"Non-Hispanic, two or more races",22,,22
2024-2025,2,Albemarle County,910,Virginia L. Murray Elementary,"White, not of Hispanic origin",203,,203
2024-2025,2,Albemarle County,140,Western Albemarle High,American Indian or Alaska Native,1,,1
2024-2025,2,Albemarle County,140,Western Albemarle High,Asian,54,,54
2024-2025,2,Albemarle County,140,Western Albemarle High,"Black, not of Hispanic origin",16,,16
2024-2025,2,Albemarle County,140,Western Albemarle High,Hispanic,87,,87
2024-2025,2,Albemarle County,140,Western Albemarle High,Native Hawaiian  or Pacific Islander,1,,1
2024-2025,2,Albemarle County,140,Western Albemarle High,"Non-Hispanic, two or more races",51,,51
2024-2025,2,Albemarle County,140,Western Albemarle High,"White, not of Hispanic origin","1,063",1,"1,064"
2024-2025,2,Albemarle County,930,Woodbrook Elementary,American Indian or Alaska Native,1,,1
2024-2025,2,Albemarle County,930,Woodbrook Elementary,Asian,61,,61
2024-2025,2,Albemarle County,930,Woodbrook Elementary,"Black, not of Hispanic origin",173,,173
2024-2025,2,Albemarle County,930,Woodbrook Elementary,Hispanic,157,,157
2024-2025,2,Albemarle County,930,Woodbrook Elementary,"Non-Hispanic, two or more races",31,,31
2024-2025,2,Albemarle County,930,Woodbrook Elementary,"White, not of Hispanic origin",99,,99
2024-2025,8,Augusta County,660,Buffalo Gap High,American Indian or Alaska Native,1,,1
2024-2025,8,Augusta County,660,Buffalo Gap High,Asian,1,,1
2024-2025,8,Augusta County,660,Buffalo Gap High,"Black, not of Hispanic origin",1,,1
2024-2025,8,Augusta County,660,Buffalo Gap High,Hispanic,13,,13
2024-2025,8,Augusta County,660,Buffalo Gap High,"Non-Hispanic, two or more races",10,,10
2024-2025,8,Augusta County,660,Buffalo Gap High,"White, not of Hispanic origin",384,,384
2024-2025,8,Augusta County,650,Buffalo Gap Middle School,American Indian or Alaska Native,1,,1
2024-2025,8,Augusta County,650,Buffalo Gap Middle School,"Black, not of Hispanic origin",3,,3
2024-2025,8,Augusta County,650,Buffalo Gap Middle School,Hispanic,10,,10
2024-2025,8,Augusta County,650,Buffalo Gap Middle School,"Non-Hispanic, two or more races",7,,7
2024-2025,8,Augusta County,650,Buffalo Gap Middle School,"White, not of Hispanic origin",264,,264
2024-2025,8,Augusta County,30,Cassell Elementary,"Black, not of Hispanic origin",17,,17
2024-2025,8,Augusta County,30,Cassell Elementary,Hispanic,34,,34
2024-2025,8,Augusta County,30,Cassell Elementary,"Non-Hispanic, two or more races",46,,46
2024-2025,8,Augusta County,30,Cassell Elementary,"White, not of Hispanic origin",538,,538
2024-2025,8,Augusta County,140,Churchville Elementary,"Black, not of Hispanic origin",2,,2
2024-2025,8,Augusta County,140,Churchville Elementary,Hispanic,8,,8
2024-2025,8,Augusta County,140,Churchville Elementary,Native Hawaiian  or Pacific Islander,3,,3
2024-2025,8,Augusta County,140,Churchville Elementary,"Non-Hispanic, two or more races",19,,19
2024-2025,8,Augusta County,140,Churchville Elementary,"White, not of Hispanic origin",416,,416
2024-2025,8,Augusta County,370,Craigsville Elementary,American Indian or Alaska Native,2,,2
2024-2025,8,Augusta County,370,Craigsville Elementary,Asian,1,,1
2024-2025,8,Augusta County,370,Craigsville Elementary,Hispanic,6,,6
2024-2025,8,Augusta County,370,Craigsville Elementary,Native Hawaiian  or Pacific Islander,1,,1
2024-2025,8,Augusta County,370,Craigsville Elementary,"Non-Hispanic, two or more races",11,,11
2024-2025,8,Augusta County,370,Craigsville Elementary,"White, not of Hispanic origin",96,,96
2024-2025,8,Augusta County,842,Edward G. Clymore Elementary,Asian,5,,5
2024-2025,8,Augusta County,842,Edward G. Clymore Elementary,"Black, not of Hispanic origin",24,,24
2024-2025,8,Augusta County,842,Edward G. Clymore Elementary,Hispanic,120,,120
2024-2025,8,Augusta County,842,Edward G. Clymore Elementary,"Non-Hispanic, two or more races",39,,39
2024-2025,8,Augusta County,842,Edward G. Clymore Elementary,"White, not of Hispanic origin",615,,615
2024-2025,8,Augusta County,670,Fort Defiance High,American Indian or Alaska Native,2,,2
2024-2025,8,Augusta County,670,Fort Defiance High,Asian,4,,4
2024-2025,8,Augusta County,670,Fort Defiance High,"Black, not of Hispanic origin",25,,25
2024-2025,8,Augusta County,670,Fort Defiance High,Hispanic,93,,93
2024-2025,8,Augusta County,670,Fort Defiance High,"Non-Hispanic, two or more races",19,,19
2024-2025,8,Augusta County,670,Fort Defiance High,"White, not of Hispanic origin",588,,588
2024-2025,8,Augusta County,843,Guy K. Stump Elementary,American Indian or Alaska Native,1,,1
2024-2025,8,Augusta County,843,Guy K. Stump Elementary,Asian,2,,2
2024-2025,8,Augusta County,843,Guy K. Stump Elementary,"Black, not of Hispanic origin",18,,18
2024-2025,8,Augusta County,843,Guy K. Stump Elementary,Hispanic,20,,20
2024-2025,8,Augusta County,843,Guy K. Stump Elementary,"Non-Hispanic, two or more races",40,,40
2024-2025,8,Augusta County,843,Guy K. Stump Elementary,"White, not of Hispanic origin",376,,376
2024-2025,8,Augusta County,40,North River Elementary,"Black, not of Hispanic origin",7,,7
2024-2025,8,Augusta County,40,North River Elementary,Hispanic,31,,31
2024-2025,8,Augusta County,40,North River Elementary,"Non-Hispanic, two or more races",13,,13
2024-2025,8,Augusta County,40,North River Elementary,"White, not of Hispanic origin",171,,171
2024-2025,8,Augusta County,740,Riverheads Elementary,Asian,6,,6
2024-2025,8,Augusta County,740,Riverheads Elementary,"Black, not of Hispanic origin",17,,17
2024-2025,8,Augusta County,740,Riverheads Elementary,Hispanic,22,,22
2024-2025,8,Augusta County,740,Riverheads Elementary,"Non-Hispanic, two or more races",42,,42
2024-2025,8,Augusta County,740,Riverheads Elementary,"White, not of Hispanic origin",627,,627
2024-2025,8,Augusta County,680,Riverheads High,Asian,5,,5
2024-2025,8,Augusta County,680,Riverheads High,"Black, not of Hispanic origin",8,,8
2024-2025,8,Augusta County,680,Riverheads High,Hispanic,19,,19
2024-2025,8,Augusta County,680,Riverheads High,"Non-Hispanic, two or more races",26,,26
2024-2025,8,Augusta County,680,Riverheads High,"White, not of Hispanic origin",409,,409
2024-2025,8,Augusta County,70,Riverheads Middle School,American Indian or Alaska Native,1,,1
2024-2025,8,Augusta County,70,Riverheads Middle School,Asian,7,,7
2024-2025,8,Augusta County,70,Riverheads Middle School,"Black, not of Hispanic origin",8,,8
2024-2025,8,Augusta County,70,Riverheads Middle School,Hispanic,15,,15
2024-2025,8,Augusta County,70,Riverheads Middle School,"Non-Hispanic, two or more races",10,,10
2024-2025,8,Augusta County,70,Riverheads Middle School,"White, not of Hispanic origin",325,,325
2024-2025,8,Augusta County,90,S. Gordon Stewart Middle,Asian,3,,3
2024-2025,8,Augusta County,90,S. Gordon Stewart Middle,"Black, not of Hispanic origin",9,,9
2024-2025,8,Augusta County,90,S. Gordon Stewart Middle,Hispanic,69,,69
2024-2025,8,Augusta County,90,S. Gordon Stewart Middle,"Non-Hispanic, two or more races",19,,19
2024-2025,8,Augusta County,90,S. Gordon Stewart Middle,"White, not of Hispanic origin",416,,416
2024-2025,8,Augusta County,440,Stuarts Draft Elementary,American Indian or Alaska Native,1,,1
2024-2025,8,Augusta County,440,Stuarts Draft Elementary,Asian,3,,3
2024-2025,8,Augusta County,440,Stuarts Draft Elementary,"Black, not of Hispanic origin",31,,31
2024-2025,8,Augusta County,440,Stuarts Draft Elementary,Hispanic,64,,64
2024-2025,8,Augusta County,440,Stuarts Draft Elementary,Native Hawaiian  or Pacific Islander,1,,1
2024-2025,8,Augusta County,440,Stuarts Draft Elementary,"Non-Hispanic, two or more races",67,,67
2024-2025,8,Augusta County,440,Stuarts Draft Elementary,"White, not of Hispanic origin",479,,479
2024-2025,8,Augusta County,730,Stuarts Draft High,American Indian or Alaska Native,4,,4
2024-2025,8,Augusta County,730,Stuarts Draft High,Asian,13,,13
2024-2025,8,Augusta County,730,Stuarts Draft High,"Black, not of Hispanic origin",26,,26
2024-2025,8,Augusta County,730,Stuarts Draft High,Hispanic,51,,51
2024-2025,8,Augusta County,730,Stuarts Draft High,"Non-Hispanic, two or more races",41,,41
2024-2025,8,Augusta County,730,Stuarts Draft High,"White, not of Hispanic origin",533,,533
2024-2025,8,Augusta County,60,Stuarts Draft Middle,Asian,7,,7
2024-2025,8,Augusta County,60,Stuarts Draft Middle,"Black, not of Hispanic origin",19,,19
2024-2025,8,Augusta County,60,Stuarts Draft Middle,Hispanic,41,,41
2024-2025,8,Augusta County,60,Stuarts Draft Middle,"Non-Hispanic, two or more races",49,,49
2024-2025,8,Augusta County,60,Stuarts Draft Middle,"White, not of Hispanic origin",397,1,398
2024-2025,8,Augusta County,640,Wilson Elementary,American Indian or Alaska Native,4,,4
2024-2025,8,Augusta County,640,Wilson Elementary,Asian,19,,19
2024-2025,8,Augusta County,640,Wilson Elementary,"Black, not of Hispanic origin",67,,67
2024-2025,8,Augusta County,640,Wilson Elementary,Hispanic,72,,72
2024-2025,8,Augusta County,640,Wilson Elementary,Native Hawaiian  or Pacific Islander,1,,1
2024-2025,8,Augusta County,640,Wilson Elementary,"Non-Hispanic, two or more races",61,,61
2024-2025,8,Augusta County,640,Wilson Elementary,"White, not of Hispanic origin",431,,431
2024-2025,8,Augusta County,720,Wilson Memorial High,American Indian or Alaska Native,1,,1
2024-2025,8,Augusta County,720,Wilson Memorial High,Asian,13,,13
2024-2025,8,Augusta County,720,Wilson Memorial High,"Black, not of Hispanic origin",55,,55
2024-2025,8,Augusta County,720,Wilson Memorial High,Hispanic,60,,60
2024-2025,8,Augusta County,720,Wilson Memorial High,Native Hawaiian  or Pacific Islander,2,,2
2024-2025,8,Augusta County,720,Wilson Memorial High,"Non-Hispanic, two or more races",49,,49
2024-2025,8,Augusta County,720,Wilson Memorial High,"White, not of Hispanic origin",657,,657
2024-2025,8,Augusta County,844,Wilson Middle,American Indian or Alaska Native,7,,7
2024-2025,8,Augusta County,844,Wilson Middle,Asian,13,,13
2024-2025,8,Augusta County,844,Wilson Middle,"Black, not of Hispanic origin",45,,45
2024-2025,8,Augusta County,844,Wilson Middle,Hispanic,48,,48
2024-2025,8,Augusta County,844,Wilson Middle,Native Hawaiian  or Pacific Islander,1,,1
2024-2025,8,Augusta County,844,Wilson Middle,"Non-Hispanic, two or more races",46,,46
2024-2025,8,Augusta County,844,Wilson Middle,"White, not of Hispanic origin",481,,481
2024-2025,15,Buckingham County,724,Buckingham Co Elementary,American Indian or Alaska Native,2,,2
2024-2025,15,Buckingham County,724,Buckingham Co Elementary,Asian,1,,1
2024-2025,15,Buckingham County,724,Buckingham Co Elementary,"Black, not of Hispanic origin",118,,118
2024-2025,15,Buckingham County,724,Buckingham Co Elementary,Hispanic,18,,18
2024-2025,15,Buckingham County,724,Buckingham Co Elementary,"Non-Hispanic, two or more races",38,,38
2024-2025,15,Buckingham County,724,Buckingham Co Elementary,"White, not of Hispanic origin",174,,174
2024-2025,15,Buckingham County,20,Buckingham Co Prekindergarten Center,"Black, not of Hispanic origin",34,,34
2024-2025,15,Buckingham County,20,Buckingham Co Prekindergarten Center,Hispanic,3,,3
2024-2025,15,Buckingham County,20,Buckingham Co Prekindergarten Center,"Non-Hispanic, two or more races",11,,11
2024-2025,15,Buckingham County,20,Buckingham Co Prekindergarten Center,"White, not of Hispanic origin",55,,55
2024-2025,15,Buckingham County,723,Buckingham Co Primary,American Indian or Alaska Native,3,,3
2024-2025,15,Buckingham County,723,Buckingham Co Primary,Asian,1,,1
2024-2025,15,Buckingham County,723,Buckingham Co Primary,"Black, not of Hispanic origin",119,,119
2024-2025,15,Buckingham County,723,Buckingham Co Primary,Hispanic,15,,15
2024-2025,15,Buckingham County,723,Buckingham Co Primary,Native Hawaiian  or Pacific Islander,1,,1
2024-2025,15,Buckingham County,723,Buckingham Co Primary,"Non-Hispanic, two or more races",29,,29
2024-2025,15,Buckingham County,723,Buckingham Co Primary,"White, not of Hispanic origin",193,,193
2024-2025,15,Buckingham County,700,Buckingham County High,"Black, not of Hispanic origin",219,,219
2024-2025,15,Buckingham County,700,Buckingham County High,Hispanic,32,,32
2024-2025,15,Buckingham County,700,Buckingham County High,"Non-Hispanic, two or more races",59,,59
2024-2025,15,Buckingham County,700,Buckingham County High,"White, not of Hispanic origin",336,,336
2024-2025,15,Buckingham County,721,Buckingham County Middle,American Indian or Alaska Native,1,,1
2024-2025,15,Buckingham County,721,Buckingham County Middle,"Black, not of Hispanic origin",124,,124
2024-2025,15,Buckingham County,721,Buckingham County Middle,Hispanic,16,,16
2024-2025,15,Buckingham County,721,Buckingham County Middle,"Non-Hispanic, two or more races",42,,42
2024-2025,15,Buckingham County,721,Buckingham County Middle,"White, not of Hispanic origin",224,,224
2024-2025,104,Charlottesville City,100,Buford Middle,Asian,45,,45
2024-2025,104,Charlottesville City,100,Buford Middle,"Black, not of Hispanic origin",149,,149
2024-2025,104,Charlottesville City,100,Buford Middle,Hispanic,84,,84
2024-2025,104,Charlottesville City,100,Buford Middle,"Non-Hispanic, two or more races",82,,82
2024-2025,104,Charlottesville City,100,Buford Middle,"White, not of Hispanic origin",203,1,204
2024-2025,104,Charlottesville City,70,Burnley-Moran Elementary,Asian,4,,4
2024-2025,104,Charlottesville City,70,Burnley-Moran Elementary,"Black, not of Hispanic origin",40,,40
2024-2025,104,Charlottesville City,70,Burnley-Moran Elementary,Hispanic,45,,45
2024-2025,104,Charlottesville City,70,Burnley-Moran Elementary,"Non-Hispanic, two or more races",43,,43
2024-2025,104,Charlottesville City,70,Burnley-Moran Elementary,"White, not of Hispanic origin",167,,167
2024-2025,104,Charlottesville City,140,Charlottesville High,American Indian or Alaska Native,1,,1
2024-2025,104,Charlottesville City,140,Charlottesville High,Asian,98,,98
2024-2025,104,Charlottesville City,140,Charlottesville High,"Black, not of Hispanic origin",371,,371
2024-2025,104,Charlottesville City,140,Charlottesville High,Hispanic,206,,206
2024-2025,104,Charlottesville City,140,Charlottesville High,Native Hawaiian  or Pacific Islander,1,,1
2024-2025,104,Charlottesville City,140,Charlottesville High,"Non-Hispanic, two or more races",157,,157
2024-2025,104,Charlottesville City,140,Charlottesville High,"White, not of Hispanic origin",604,3,607
2024-2025,104,Charlottesville City,90,Greenbrier Elementary,Asian,21,,21
2024-2025,104,Charlottesville City,90,Greenbrier Elementary,"Black, not of Hispanic origin",47,,47
2024-2025,104,Charlottesville City,90,Greenbrier Elementary,Hispanic,38,,38
2024-2025,104,Charlottesville City,90,Greenbrier Elementary,"Non-Hispanic, two or more races",41,,41
2024-2025,104,Charlottesville City,90,Greenbrier Elementary,"White, not of Hispanic origin",120,,120
2024-2025,104,Charlottesville City,120,Jackson-Via Elementary,Asian,37,,37
2024-2025,104,Charlottesville City,120,Jackson-Via Elementary,"Black, not of Hispanic origin",108,,108
2024-2025,104,Charlottesville City,120,Jackson-Via Elementary,Hispanic,54,,54
2024-2025,104,Charlottesville City,120,Jackson-Via Elementary,"Non-Hispanic, two or more races",51,,51
2024-2025,104,Charlottesville City,120,Jackson-Via Elementary,"White, not of Hispanic origin",120,,120
2024-2025,104,Charlottesville City,10,Johnson Elementary,Asian,28,,28
2024-2025,104,Charlottesville City,10,Johnson Elementary,"Black, not of Hispanic origin",88,,88
2024-2025,104,Charlottesville City,10,Johnson Elementary,Hispanic,47,,47
2024-2025,104,Charlottesville City,10,Johnson Elementary,"Non-Hispanic, two or more races",59,,59
2024-2025,104,Charlottesville City,10,Johnson Elementary,"White, not of Hispanic origin",105,,105
2024-2025,104,Charlottesville City,50,Summit Elementary School,Asian,38,,38
2024-2025,104,Charlottesville City,50,Summit Elementary School,"Black, not of Hispanic origin",87,,87
2024-2025,104,Charlottesville City,50,Summit Elementary School,Hispanic,50,,50
2024-2025,104,Charlottesville City,50,Summit Elementary School,"Non-Hispanic, two or more races",40,,40
2024-2025,104,Charlottesville City,50,Summit Elementary School,"White, not of Hispanic origin",70,,70
2024-2025,104,Charlottesville City,40,Trailblazer Elementary School,Asian,36,,36
2024-2025,104,Charlottesville City,40,Trailblazer Elementary School,"Black, not of Hispanic origin",96,,96
2024-2025,104,Charlottesville City,40,Trailblazer Elementary School,Hispanic,16,,16
2024-2025,104,Charlottesville City,40,Trailblazer Elementary School,"Non-Hispanic, two or more races",44,,44
2024-2025,104,Charlottesville City,40,Trailblazer Elementary School,"White, not of Hispanic origin",128,,128
2024-2025,104,Charlottesville City,110,Walker Upper Elementary,Asian,40,,40
2024-2025,104,Charlottesville City,110,Walker Upper Elementary,"Black, not of Hispanic origin",143,,143
2024-2025,104,Charlottesville City,110,Walker Upper Elementary,Hispanic,74,,74
2024-2025,104,Charlottesville City,110,Walker Upper Elementary,"Non-Hispanic, two or more races",83,,83
2024-2025,104,Charlottesville City,110,Walker Upper Elementary,"White, not of Hispanic origin",230,,230
2024-2025,32,Fluvanna County,300,Carysbrook Elementary,Asian,3,,3
2024-2025,32,Fluvanna County,300,Carysbrook Elementary,"Black, not of Hispanic origin",57,,57
2024-2025,32,Fluvanna County,300,Carysbrook Elementary,Hispanic,42,,42
2024-2025,32,Fluvanna County,300,Carysbrook Elementary,"Non-Hispanic, two or more races",51,,51
2024-2025,32,Fluvanna County,300,Carysbrook Elementary,"White, not of Hispanic origin",304,,304
2024-2025,32,Fluvanna County,310,Central Elementary,Asian,3,,3
2024-2025,32,Fluvanna County,310,Central Elementary,"Black, not of Hispanic origin",111,,111
2024-2025,32,Fluvanna County,310,Central Elementary,Hispanic,76,,76
2024-2025,32,Fluvanna County,310,Central Elementary,"Non-Hispanic, two or more races",108,,108
2024-2025,32,Fluvanna County,310,Central Elementary,"White, not of Hispanic origin",453,,453
2024-2025,32,Fluvanna County,260,Fluvanna County High,American Indian or Alaska Native,1,,1
2024-2025,32,Fluvanna County,260,Fluvanna County High,Asian,5,,5
2024-2025,32,Fluvanna County,260,Fluvanna County High,"Black, not of Hispanic origin",192,,192
2024-2025,32,Fluvanna County,260,Fluvanna County High,Hispanic,126,,126
2024-2025,32,Fluvanna County,260,Fluvanna County High,Native Hawaiian  or Pacific Islander,4,,4
2024-2025,32,Fluvanna County,260,Fluvanna County High,"Non-Hispanic, two or more races",126,,126
2024-2025,32,Fluvanna County,260,Fluvanna County High,"White, not of Hispanic origin",908,,908
2024-2025,32,Fluvanna County,320,Fluvanna Middle,American Indian or Alaska Native,2,,2
2024-2025,32,Fluvanna County,320,Fluvanna Middle,Asian,5,,5
2024-2025,32,Fluvanna County,320,Fluvanna Middle,"Black, not of Hispanic origin",98,,98
2024-2025,32,Fluvanna County,320,Fluvanna Middle,Hispanic,84,,84
2024-2025,32,Fluvanna County,320,Fluvanna Middle,"Non-Hispanic, two or more races",79,,79
2024-2025,32,Fluvanna County,320,Fluvanna Middle,"White, not of Hispanic origin",479,,479
2024-2025,39,Greene County,20,Nathanael Greene Elementary,Asian,1,,1
2024-2025,39,Greene County,20,Nathanael Greene Elementary,"Black, not of Hispanic origin",24,,24
2024-2025,39,Greene County,20,Nathanael Greene Elementary,Hispanic,32,,32
2024-2025,39,Greene County,20,Nathanael Greene Elementary,"Non-Hispanic, two or more races",26,,26
2024-2025,39,Greene County,20,Nathanael Greene Elementary,"White, not of Hispanic origin",243,,243
2024-2025,39,Greene County,10,Nathanael Greene Primary,Asian,2,,2
2024-2025,39,Greene County,10,Nathanael Greene Primary,"Black, not of Hispanic origin",27,,27
2024-2025,39,Greene County,10,Nathanael Greene Primary,Hispanic,43,,43
2024-2025,39,Greene County,10,Nathanael Greene Primary,"Non-Hispanic, two or more races",38,,38
2024-2025,39,Greene County,10,Nathanael Greene Primary,"White, not of Hispanic origin",257,,257
2024-2025,39,Greene County,30,Ruckersville Elementary,Asian,13,,13
2024-2025,39,Greene County,30,Ruckersville Elementary,"Black, not of Hispanic origin",50,,50
2024-2025,39,Greene County,30,Ruckersville Elementary,Hispanic,99,,99
2024-2025,39,Greene County,30,Ruckersville Elementary,"Non-Hispanic, two or more races",50,,50
2024-2025,39,Greene County,30,Ruckersville Elementary,"White, not of Hispanic origin",328,,328
2024-2025,39,Greene County,72,William Monroe High,American Indian or Alaska Native,1,,1
2024-2025,39,Greene County,72,William Monroe High,Asian,20,,20
2024-2025,39,Greene County,72,William Monroe High,"Black, not of Hispanic origin",59,,59
2024-2025,39,Greene County,72,William Monroe High,Hispanic,149,,149
2024-2025,39,Greene County,72,William Monroe High,"Non-Hispanic, two or more races",74,,74
2024-2025,39,Greene County,72,William Monroe High,"White, not of Hispanic origin",649,1,650
2024-2025,39,Greene County,71,William Monroe Middle,American Indian or Alaska Native,1,,1
2024-2025,39,Greene County,71,William Monroe Middle,Asian,7,,7
2024-2025,39,Greene County,71,William Monroe Middle,"Black, not of Hispanic origin",41,,41
2024-2025,39,Greene County,71,William Monroe Middle,Hispanic,98,,98
2024-2025,39,Greene County,71,William Monroe Middle,Native Hawaiian  or Pacific Islander,1,,1
2024-2025,39,Greene County,71,William Monroe Middle,"Non-Hispanic, two or more races",72,,72
2024-2025,39,Greene County,71,William Monroe Middle,"White, not of Hispanic origin",376,,376
2024-2025,54,Louisa County,660,Jouett Elementary,American Indian or Alaska Native,2,,2
2024-2025,54,Louisa County,660,Jouett Elementary,Asian,3,,3
2024-2025,54,Louisa County,660,Jouett Elementary,"Black, not of Hispanic origin",51,,51
2024-2025,54,Louisa County,660,Jouett Elementary,Hispanic,29,,29
2024-2025,54,Louisa County,660,Jouett Elementary,Native Hawaiian  or Pacific Islander,1,,1
2024-2025,54,Louisa County,660,Jouett Elementary,"Non-Hispanic, two or more races",51,,51
2024-2025,54,Louisa County,660,Jouett Elementary,"White, not of Hispanic origin",510,,510
2024-2025,54,Louisa County,602,Louisa County High,American Indian or Alaska Native,1,,1
2024-2025,54,Louisa County,602,Louisa County High,Asian,10,,10
2024-2025,54,Louisa County,602,Louisa County High,"Black, not of Hispanic origin",244,,244
2024-2025,54,Louisa County,602,Louisa County High,Hispanic,156,,156
2024-2025,54,Louisa County,602,Louisa County High,Native Hawaiian  or Pacific Islander,1,,1
2024-2025,54,Louisa County,602,Louisa County High,"Non-Hispanic, two or more races",123,,123
2024-2025,54,Louisa County,602,Louisa County High,"White, not of Hispanic origin","1,066",,"1,066"
2024-2025,54,Louisa County,601,Louisa County Middle,American Indian or Alaska Native,2,,2
2024-2025,54,Louisa County,601,Louisa County Middle,Asian,14,,14
2024-2025,54,Louisa County,601,Louisa County Middle,"Black, not of Hispanic origin",151,,151
2024-2025,54,Louisa County,601,Louisa County Middle,Hispanic,93,,93
2024-2025,54,Louisa County,601,Louisa County Middle,"Non-Hispanic, two or more races",104,,104
2024-2025,54,Louisa County,601,Louisa County Middle,"White, not of Hispanic origin",867,,867
2024-2025,54,Louisa County,80,Moss-Nuckols Elementary,American Indian or Alaska Native,2,,2
2024-2025,54,Louisa County,80,Moss-Nuckols Elementary,Asian,9,,9
2024-2025,54,Louisa County,80,Moss-Nuckols Elementary,"Black, not of Hispanic origin",127,,127
2024-2025,54,Louisa County,80,Moss-Nuckols Elementary,Hispanic,47,,47
2024-2025,54,Louisa County,80,Moss-Nuckols Elementary,"Non-Hispanic, two or more races",74,,74
2024-2025,54,Louisa County,80,Moss-Nuckols Elementary,"White, not of Hispanic origin",378,,378
2024-2025,54,Louisa County,610,Thomas Jefferson Elementary,Asian,2,,2
2024-2025,54,Louisa County,610,Thomas Jefferson Elementary,"Black, not of Hispanic origin",64,,64
2024-2025,54,Louisa County,610,Thomas Jefferson Elementary,Hispanic,71,,71
2024-2025,54,Louisa County,610,Thomas Jefferson Elementary,"Non-Hispanic, two or more races",83,,83
2024-2025,54,Louisa County,610,Thomas Jefferson Elementary,"White, not of Hispanic origin",452,,452
2024-2025,54,Louisa County,641,Trevilians Elementary,American Indian or Alaska Native,1,,1
2024-2025,54,Louisa County,641,Trevilians Elementary,"Black, not of Hispanic origin",73,,73
2024-2025,54,Louisa County,641,Trevilians Elementary,Hispanic,47,,47
2024-2025,54,Louisa County,641,Trevilians Elementary,"Non-Hispanic, two or more races",71,,71
2024-2025,54,Louisa County,641,Trevilians Elementary,"White, not of Hispanic origin",354,,354
2024-2025,56,Madison County,221,Madison County High,American Indian or Alaska Native,1,,1
2024-2025,56,Madison County,221,Madison County High,Asian,1,,1
2024-2025,56,Madison County,221,Madison County High,"Black, not of Hispanic origin",49,,49
2024-2025,56,Madison County,221,Madison County High,Hispanic,35,,35
2024-2025,56,Madison County,221,Madison County High,"Non-Hispanic, two or more races",43,,43
2024-2025,56,Madison County,221,Madison County High,"White, not of Hispanic origin",401,,401
2024-2025,56,Madison County,230,Madison Primary,"Black, not of Hispanic origin",24,,24
2024-2025,56,Madison County,230,Madison Primary,Hispanic,28,,28
2024-2025,56,Madison County,230,Madison Primary,"Non-Hispanic, two or more races",37,,37
2024-2025,56,Madison County,230,Madison Primary,"White, not of Hispanic origin",276,1,277
2024-2025,56,Madison County,200,Waverly Yowell Elementary,American Indian or Alaska Native,1,,1
2024-2025,56,Madison County,200,Waverly Yowell Elementary,Asian,1,,1
2024-2025,56,Madison County,200,Waverly Yowell Elementary,"Black, not of Hispanic origin",16,,16
2024-2025,56,Madison County,200,Waverly Yowell Elementary,Hispanic,28,,28
2024-2025,56,Madison County,200,Waverly Yowell Elementary,"Non-Hispanic, two or more races",31,,31
2024-2025,56,Madison County,200,Waverly Yowell Elementary,"White, not of Hispanic origin",257,,257
2024-2025,56,Madison County,222,William H. Wetsel Middle,American Indian or Alaska Native,2,,2
2024-2025,56,Madison County,222,William H. Wetsel Middle,Asian,1,,1
2024-2025,56,Madison County,222,William H. Wetsel Middle,"Black, not of Hispanic origin",22,,22
2024-2025,56,Madison County,222,William H. Wetsel Middle,Hispanic,28,,28
2024-2025,56,Madison County,222,William H. Wetsel Middle,"Non-Hispanic, two or more races",40,,40
2024-2025,56,Madison County,222,William H. Wetsel Middle,"White, not of Hispanic origin",263,,263
2024-2025,62,Nelson County,710,Nelson County High,American Indian or Alaska Native,2,,2
2024-2025,62,Nelson County,710,Nelson County High,Asian,1,,1
2024-2025,62,Nelson County,710,Nelson County High,"Black, not of Hispanic origin",68,,68
2024-2025,62,Nelson County,710,Nelson County High,Hispanic,55,,55
2024-2025,62,Nelson County,710,Nelson County High,"Non-Hispanic, two or more races",22,,22
2024-2025,62,Nelson County,710,Nelson County High,"White, not of Hispanic origin",338,,338
2024-2025,62,Nelson County,730,Nelson Middle,Asian,2,,2
2024-2025,62,Nelson County,730,Nelson Middle,"Black, not of Hispanic origin",34,,34
2024-2025,62,Nelson County,730,Nelson Middle,Hispanic,51,,51
2024-2025,62,Nelson County,730,Nelson Middle,"Non-Hispanic, two or more races",17,,17
2024-2025,62,Nelson County,730,Nelson Middle,"White, not of Hispanic origin",224,1,225
2024-2025,62,Nelson County,10,Rockfish River Elementary,"Black, not of Hispanic origin",17,,17
2024-2025,62,Nelson County,10,Rockfish River Elementary,Hispanic,70,,70
2024-2025,62,Nelson County,10,Rockfish River Elementary,"Non-Hispanic, two or more races",9,,9
2024-2025,62,Nelson County,10,Rockfish River Elementary,"White, not of Hispanic origin",222,,222
2024-2025,62,Nelson County,20,Tye River Elementary,Asian,2,,2
2024-2025,62,Nelson County,20,Tye River Elementary,"Black, not of Hispanic origin",58,,58
2024-2025,62,Nelson County,20,Tye River Elementary,Hispanic,43,,43
2024-2025,62,Nelson County,20,Tye River Elementary,"Non-Hispanic, two or more races",12,,12
2024-2025,62,Nelson County,20,Tye River Elementary,"White, not of Hispanic origin",245,,245
2024-2025,68,Orange County,360,Gordon-Barbour Elementary,American Indian or Alaska Native,4,,4
2024-2025,68,Orange County,360,Gordon-Barbour Elementary,"Black, not of Hispanic origin",55,,55
2024-2025,68,Orange County,360,Gordon-Barbour Elementary,Hispanic,37,,37
2024-2025,68,Orange County,360,Gordon-Barbour Elementary,Native Hawaiian  or Pacific Islander,1,,1
2024-2025,68,Orange County,360,Gordon-Barbour Elementary,"Non-Hispanic, two or more races",34,,34
2024-2025,68,Orange County,360,Gordon-Barbour Elementary,"White, not of Hispanic origin",195,,195
2024-2025,68,Orange County,70,Lightfoot Elementary,Asian,1,,1
2024-2025,68,Orange County,70,Lightfoot Elementary,"Black, not of Hispanic origin",19,,19
2024-2025,68,Orange County,70,Lightfoot Elementary,Hispanic,38,,38
2024-2025,68,Orange County,70,Lightfoot Elementary,Native Hawaiian  or Pacific Islander,2,,2
2024-2025,68,Orange County,70,Lightfoot Elementary,"Non-Hispanic, two or more races",16,,16
2024-2025,68,Orange County,70,Lightfoot Elementary,"White, not of Hispanic origin",148,,148
2024-2025,68,Orange County,50,Locust Grove Elementary,American Indian or Alaska Native,1,,1
2024-2025,68,Orange County,50,Locust Grove Elementary,Asian,7,,7
2024-2025,68,Orange County,50,Locust Grove Elementary,"Black, not of Hispanic origin",61,,61
2024-2025,68,Orange County,50,Locust Grove Elementary,Hispanic,102,,102
2024-2025,68,Orange County,50,Locust Grove Elementary,"Non-Hispanic, two or more races",65,,65
2024-2025,68,Orange County,50,Locust Grove Elementary,"White, not of Hispanic origin",283,,283
2024-2025,68,Orange County,471,Locust Grove Middle,American Indian or Alaska Native,2,,2
2024-2025,68,Orange County,471,Locust Grove Middle,Asian,7,,7
2024-2025,68,Orange County,471,Locust Grove Middle,"Black, not of Hispanic origin",68,,68
2024-2025,68,Orange County,471,Locust Grove Middle,Hispanic,116,,116
2024-2025,68,Orange County,471,Locust Grove Middle,Native Hawaiian  or Pacific Islander,1,,1
2024-2025,68,Orange County,471,Locust Grove Middle,"Non-Hispanic, two or more races",69,,69
2024-2025,68,Orange County,471,Locust Grove Middle,"White, not of Hispanic origin",423,,423
2024-2025,68,Orange County,51,Locust Grove Primary,American Indian or Alaska Native,1,,1
2024-2025,68,Orange County,51,Locust Grove Primary,Asian,5,,5
2024-2025,68,Orange County,51,Locust Grove Primary,"Black, not of Hispanic origin",42,,42
2024-2025,68,Orange County,51,Locust Grove Primary,Hispanic,109,,109
2024-2025,68,Orange County,51,Locust Grove Primary,"Non-Hispanic, two or more races",67,,67
2024-2025,68,Orange County,51,Locust Grove Primary,"White, not of Hispanic origin",276,,276
2024-2025,68,Orange County,330,Orange County High ,American Indian or Alaska Native,3,,3
2024-2025,68,Orange County,330,Orange County High ,Asian,13,,13
2024-2025,68,Orange County,330,Orange County High ,"Black, not of Hispanic origin",204,,204
2024-2025,68,Orange County,330,Orange County High ,Hispanic,252,,252
2024-2025,68,Orange County,330,Orange County High ,Native Hawaiian  or Pacific Islander,5,,5
2024-2025,68,Orange County,330,Orange County High ,"Non-Hispanic, two or more races",128,,128
2024-2025,68,Orange County,330,Orange County High ,"White, not of Hispanic origin",876,1,877
2024-2025,68,Orange County,370,Orange Elementary,American Indian or Alaska Native,1,,1
2024-2025,68,Orange County,370,Orange Elementary,Asian,2,,2
2024-2025,68,Orange County,370,Orange Elementary,"Black, not of Hispanic origin",132,,132
2024-2025,68,Orange County,370,Orange Elementary,Hispanic,102,,102
2024-2025,68,Orange County,370,Orange Elementary,Native Hawaiian  or Pacific Islander,2,,2
2024-2025,68,Orange County,370,Orange Elementary,"Non-Hispanic, two or more races",97,,97
2024-2025,68,Orange County,370,Orange Elementary,"White, not of Hispanic origin",285,,285
2024-2025,68,Orange County,340,Prospect Heights Middle,Asian,4,,4
2024-2025,68,Orange County,340,Prospect Heights Middle,"Black, not of Hispanic origin",67,,67
2024-2025,68,Orange County,340,Prospect Heights Middle,Hispanic,51,,51
2024-2025,68,Orange County,340,Prospect Heights Middle,Native Hawaiian  or Pacific Islander,1,,1
2024-2025,68,Orange County,340,Prospect Heights Middle,"Non-Hispanic, two or more races",67,,67
2024-2025,68,Orange County,340,Prospect Heights Middle,"White, not of Hispanic origin",276,,276
2024-2025,68,Orange County,350,Unionville Elementary,American Indian or Alaska Native,2,,2
2024-2025,68,Orange County,350,Unionville Elementary,"Black, not of Hispanic origin",17,,17
2024-2025,68,Orange County,350,Unionville Elementary,Hispanic,31,,31
2024-2025,68,Orange County,350,Unionville Elementary,Native Hawaiian  or Pacific Islander,2,,2
2024-2025,68,Orange County,350,Unionville Elementary,"Non-Hispanic, two or more races",26,,26
2024-2025,68,Orange County,350,Unionville Elementary,"White, not of Hispanic origin",178,,178
2024-2025,126,Staunton City,40,Arthur R. Ware Elementary,American Indian or Alaska Native,3,,3
2024-2025,126,Staunton City,40,Arthur R. Ware Elementary,Asian,4,,4
2024-2025,126,Staunton City,40,Arthur R. Ware Elementary,"Black, not of Hispanic origin",40,,40
2024-2025,126,Staunton City,40,Arthur R. Ware Elementary,Hispanic,44,,44
2024-2025,126,Staunton City,40,Arthur R. Ware Elementary,Native Hawaiian  or Pacific Islander,3,,3
2024-2025,126,Staunton City,40,Arthur R. Ware Elementary,"Non-Hispanic, two or more races",62,,62
2024-2025,126,Staunton City,40,Arthur R. Ware Elementary,"White, not of Hispanic origin",216,,216
2024-2025,126,Staunton City,70,Bessie Weller Elementary,Asian,8,,8
2024-2025,126,Staunton City,70,Bessie Weller Elementary,"Black, not of Hispanic origin",55,,55
2024-2025,126,Staunton City,70,Bessie Weller Elementary,Hispanic,44,,44
2024-2025,126,Staunton City,70,Bessie Weller Elementary,Native Hawaiian  or Pacific Islander,1,,1
2024-2025,126,Staunton City,70,Bessie Weller Elementary,"Non-Hispanic, two or more races",62,,62
2024-2025,126,Staunton City,70,Bessie Weller Elementary,"White, not of Hispanic origin",203,,203
2024-2025,126,Staunton City,110,Shelburne Middle,American Indian or Alaska Native,3,,3
2024-2025,126,Staunton City,110,Shelburne Middle,Asian,6,,6
2024-2025,126,Staunton City,110,Shelburne Middle,"Black, not of Hispanic origin",71,,71
2024-2025,126,Staunton City,110,Shelburne Middle,Hispanic,56,,56
2024-2025,126,Staunton City,110,Shelburne Middle,"Non-Hispanic, two or more races",81,,81
2024-2025,126,Staunton City,110,Shelburne Middle,"White, not of Hispanic origin",366,,366
2024-2025,126,Staunton City,41,Staunton City School PreSchool Programs,Asian,2,,2
2024-2025,126,Staunton City,41,Staunton City School PreSchool Programs,"Black, not of Hispanic origin",33,,33
2024-2025,126,Staunton City,41,Staunton City School PreSchool Programs,Hispanic,17,,17
2024-2025,126,Staunton City,41,Staunton City School PreSchool Programs,"Non-Hispanic, two or more races",19,,19
2024-2025,126,Staunton City,41,Staunton City School PreSchool Programs,"White, not of Hispanic origin",78,,78
2024-2025,126,Staunton City,30,Staunton High,American Indian or Alaska Native,3,,3
2024-2025,126,Staunton City,30,Staunton High,Asian,11,,11
2024-2025,126,Staunton City,30,Staunton High,"Black, not of Hispanic origin",111,,111
2024-2025,126,Staunton City,30,Staunton High,Hispanic,76,,76
2024-2025,126,Staunton City,30,Staunton High,Native Hawaiian  or Pacific Islander,1,,1
2024-2025,126,Staunton City,30,Staunton High,"Non-Hispanic, two or more races",102,,102
2024-2025,126,Staunton City,30,Staunton High,"White, not of Hispanic origin",464,,464
2024-2025,126,Staunton City,90,Thomas C. McSwain Elementary,Asian,4,,4
2024-2025,126,Staunton City,90,Thomas C. McSwain Elementary,"Black, not of Hispanic origin",50,,50
2024-2025,126,Staunton City,90,Thomas C. McSwain Elementary,Hispanic,34,,34
2024-2025,126,Staunton City,90,Thomas C. McSwain Elementary,"Non-Hispanic, two or more races",45,,45
2024-2025,126,Staunton City,90,Thomas C. McSwain Elementary,"White, not of Hispanic origin",316,,316
2024-2025,130,Waynesboro City,650,Berkeley Glenn Elementary ,Asian,3,,3
2024-2025,130,Waynesboro City,650,Berkeley Glenn Elementary ,"Black, not of Hispanic origin",47,,47
2024-2025,130,Waynesboro City,650,Berkeley Glenn Elementary ,Hispanic,41,,41
2024-2025,130,Waynesboro City,650,Berkeley Glenn Elementary ,"Non-Hispanic, two or more races",28,,28
2024-2025,130,Waynesboro City,650,Berkeley Glenn Elementary ,"White, not of Hispanic origin",137,,137
2024-2025,130,Waynesboro City,640,Kate Collins Middle ,Asian,11,,11
2024-2025,130,Waynesboro City,640,Kate Collins Middle ,"Black, not of Hispanic origin",110,,110
2024-2025,130,Waynesboro City,640,Kate Collins Middle ,Hispanic,147,,147
2024-2025,130,Waynesboro City,640,Kate Collins Middle ,Native Hawaiian  or Pacific Islander,1,,1
2024-2025,130,Waynesboro City,640,Kate Collins Middle ,"Non-Hispanic, two or more races",66,,66
2024-2025,130,Waynesboro City,640,Kate Collins Middle ,"White, not of Hispanic origin",267,,267
2024-2025,130,Waynesboro City,620,Wayne Hills Center,American Indian or Alaska Native,1,,1
2024-2025,130,Waynesboro City,620,Wayne Hills Center,Asian,4,,4
2024-2025,130,Waynesboro City,620,Wayne Hills Center,"Black, not of Hispanic origin",35,,35
2024-2025,130,Waynesboro City,620,Wayne Hills Center,Hispanic,49,,49
2024-2025,130,Waynesboro City,620,Wayne Hills Center,"Non-Hispanic, two or more races",14,,14
2024-2025,130,Waynesboro City,620,Wayne Hills Center,"White, not of Hispanic origin",81,,81
2024-2025,130,Waynesboro City,600,Waynesboro High ,Asian,27,,27
2024-2025,130,Waynesboro City,600,Waynesboro High ,"Black, not of Hispanic origin",184,,184
2024-2025,130,Waynesboro City,600,Waynesboro High ,Hispanic,205,,205
2024-2025,130,Waynesboro City,600,Waynesboro High ,Native Hawaiian  or Pacific Islander,2,,2
2024-2025,130,Waynesboro City,600,Waynesboro High ,"Non-Hispanic, two or more races",79,,79
2024-2025,130,Waynesboro City,600,Waynesboro High ,"White, not of Hispanic origin",430,,430
2024-2025,130,Waynesboro City,580,Wenonah Elementary ,Asian,5,,5
2024-2025,130,Waynesboro City,580,Wenonah Elementary ,"Black, not of Hispanic origin",45,,45
2024-2025,130,Waynesboro City,580,Wenonah Elementary ,Hispanic,95,,95
2024-2025,130,Waynesboro City,580,Wenonah Elementary ,Native Hawaiian  or Pacific Islander,1,,1
2024-2025,130,Waynesboro City,580,Wenonah Elementary ,"Non-Hispanic, two or more races",15,,15
2024-2025,130,Waynesboro City,580,Wenonah Elementary ,"White, not of Hispanic origin",85,,85
2024-2025,130,Waynesboro City,630,Westwood Hills Elementary ,American Indian or Alaska Native,2,,2
2024-2025,130,Waynesboro City,630,Westwood Hills Elementary ,Asian,5,,5
2024-2025,130,Waynesboro City,630,Westwood Hills Elementary ,"Black, not of Hispanic origin",59,,59
2024-2025,130,Waynesboro City,630,Westwood Hills Elementary ,Hispanic,76,,76
2024-2025,130,Waynesboro City,630,Westwood Hills Elementary ,"Non-Hispanic, two or more races",42,,42
2024-2025,130,Waynesboro City,630,Westwood Hills Elementary ,"White, not of Hispanic origin",198,,198
2024-2025,130,Waynesboro City,751,William Perry Elementary ,American Indian or Alaska Native,1,,1
2024-2025,130,Waynesboro City,751,William Perry Elementary ,Asian,12,,12
2024-2025,130,Waynesboro City,751,William Perry Elementary ,"Black, not of Hispanic origin",74,,74
2024-2025,130,Waynesboro City,751,William Perry Elementary ,Hispanic,99,,99
2024-2025,130,Waynesboro City,751,William Perry Elementary ,"Non-Hispanic, two or more races",66,,66
2024-2025,130,Waynesboro City,751,William Perry Elementary ,"White, not of Hispanic origin",195,,195